T;code;Epines;BF;TF
0.0;CLF 289236,0000;1.0;1.0;1.0
0.0;P03327766;1.0;1.0;1.0
0.0;P04681621;0.0;0.0;1.0
1.0;P03550384;0.0;0.0;1.0
0.0;P01902590;0.0;0.0;1.0
0.0;P02520870;1.0;1.0;1.0
0.0;P03010502;1.0;1.0;1.0
0.0;LY0272200;1.0;1.0;1.0
0.0;P05259017;0.0;0.0;1.0
0.0;P02938082;0.0;0.0;1.0
0.0;NCY014503;1.0;1.0;1.0
0.0;LY0237730;0.0;0.0;2.0
0.0;ANG 15579,00;1.0;1.0;1.0
0.0;P04146284;1.0;1.0;1.0
0.0;P00412460;0.0;0.0;1.0
0.0;P05238388;0.0;0.0;1.0
0.0;CLF 289227,0000;1.0;1.0;1.0
0.0;P05156616;0.0;0.0;1.0
0.0;MPU1166167;0.0;0.0;1.0
0.0;VTA017420;0.0;0.0;1.0
1.0;P03488959;0.0;2.0;1.0
0.0;P04722607;0.0;0.0;1.0
0.0;MPU695893;1.0;1.0;1.0
0.0;P04167105;1.0;1.0;1.0
0.0;P04155471;1.0;1.0;1.0
0.0;CLF 339054,0000;1.0;1.0;1.0
0.0;P03210712;1.0;1.0;1.0
0.0;ANG 6478,00;1.0;1.0;1.0
0.0;P04182185;0.0;1.0;1.0
0.0;P04680876;0.0;0.0;1.0
0.0;CLF 216515,0000;1.0;1.0;1.0
0.0;P02742188;0.0;0.0;1.0
0.0;P06832828;1.0;1.0;1.0
1.0;P02939934;0.0;0.0;1.0
0.0;P03211361;1.0;1.0;1.0
0.0;P03361389;1.0;1.0;1.0
0.0;P03496388;0.0;0.0;1.0
0.0;P03303897;1.0;1.0;1.0
1.0;LY0449401;0.0;0.0;1.0
0.0;LY0272649;1.0;1.0;1.0
0.0;P03848195;1.0;0.0;1.0
0.0;P04681799;0.0;0.0;1.0
0.0;SLA020693;1.0;1.0;1.0
0.0;P04154118;1.0;1.0;1.0
0.0;LY0288454;1.0;1.0;1.0
0.0;ANG 6460,00;1.0;1.0;1.0
0.0;P04167454;1.0;1.0;1.0
0.0;NCY0072070;1.0;1.0;1.0
0.0;P02761580;0.0;0.0;1.0
1.0;P03488763;0.0;2.0;1.0
0.0;P01902256;0.0;0.0;1.0
0.0;P02975547;1.0;1.0;1.0
0.0;P06233790;0.0;0.0;2.0
0.0;P02579476;1.0;1.0;1.0
0.0;P06767956;1.0;1.0;1.0
0.0;P04680919;0.0;0.0;1.0
0.0;P04885262;0.0;0.0;1.0
0.0;P05237296;0.0;0.0;1.0
0.0;P05208537;0.0;0.0;1.0
0.0;P04167060;1.0;1.0;1.0
0.0;MPU452877;1.0;1.0;1.0
0.0;P01064670;0.0;0.0;1.0
0.0;P05121167;0.0;0.0;2.0
0.0;P03363528;1.0;1.0;1.0
0.0;P02520994;1.0;1.0;1.0
0.0;CLF 355385,0000;1.0;1.0;1.0
0.0;P04146849;1.0;1.0;1.0
0.0;P03303990;1.0;1.0;1.0
0.0;MPU354443;1.0;1.0;1.0
0.0;MPU1216214;1.0;1.0;1.0
0.0;P05098597;0.0;0.0;1.0
0.0;P02938240;0.0;0.0;1.0
0.0;P04884742;0.0;0.0;1.0
0.0;P06832091;1.0;1.0;1.0
0.0;P02939908;0.0;0.0;1.0
0.0;P00122581;0.0;0.0;1.0
0.0;LY0214637;1.0;1.0;1.0
0.0;CLF 257690,0000;1.0;1.0;1.0
1.0;P02763986;0.0;0.0;1.0
0.0;P02497603;1.0;1.0;1.0
0.0;P01902247;0.0;0.0;2.0
0.0;P05257513;0.0;0.0;1.0
0.0;P01902627;0.0;0.0;1.0
0.0;NCY0072094;1.0;1.0;1.0
0.0;P03022730;1.0;1.0;1.0
0.0;P03305047;1.0;1.0;1.0
1.0;P02934194;0.0;0.0;1.0
0.0;P02972099;1.0;1.0;1.0
0.0;P02999960;1.0;1.0;1.0
0.0;LY0186050;0.0;2.0;1.0
0.0;P05209188;0.0;0.0;1.0
0.0;P04169705;1.0;1.0;1.0
0.0;MPU459745;1.0;1.0;1.0
0.0;P02743211;0.0;0.0;2.0
0.0;MPU354027;1.0;1.0;1.0
0.0;P02089799;0.0;0.0;1.0
0.0;P05320992;0.0;0.0;1.0
0.0;MPU1142117;1.0;1.0;1.0
0.0;P03341288;1.0;1.0;1.0
0.0;P00847566;1.0;1.0;1.0
0.0;P04152131;1.0;1.0;1.0
0.0;P04884997;0.0;0.0;2.0
0.0;LY0288022;1.0;1.0;1.0
0.0;ANG 71718,00;1.0;1.0;1.0
0.0;P02975321;1.0;1.0;1.0
1.0;P03538284;0.0;0.0;1.0
0.0;P02742248;0.0;0.0;2.0
0.0;P03135799;1.0;1.0;1.0
0.0;P00903606;1.0;1.0;1.0
0.0;P04399856;0.0;0.0;1.0
0.0;P02521343;1.0;1.0;1.0
1.0;P00670761;0.0;0.0;1.0
0.0;P06794214;1.0;1.0;1.0
0.0;P04154295;1.0;1.0;1.0
0.0;P02937792;0.0;0.0;1.0
0.0;P00500659;0.0;0.0;2.0
0.0;ANG 81488,00;1.0;1.0;1.0
0.0;LY0272474;1.0;1.0;1.0
0.0;P03242527;1.0;1.0;1.0
0.0;MPU1229232;0.0;0.0;1.0
0.0;MPU240990;1.0;1.0;1.0
0.0;P03076512;0.0;0.0;1.0
0.0;P00118024;0.0;0.0;1.0
0.0;P04352893;1.0;1.0;1.0
0.0;ANG 6235,00;1.0;1.0;1.0
0.0;P02938838;0.0;0.0;1.0
0.0;LY0285291;1.0;1.0;1.0
0.0;P02764406;0.0;0.0;1.0
0.0;P02550904;1.0;1.0;1.0
0.0;P00847539;1.0;1.0;1.0
0.0;P04182138;1.0;1.0;1.0
0.0;P04658894;0.0;0.0;1.0
0.0;MPU253638;1.0;1.0;1.0
0.0;P04151644;1.0;1.0;1.0
0.0;P01902699;0.0;0.0;1.0
0.0;NCY014008;1.0;1.0;1.0
0.0;CHE 44577,00;1.0;1.0;1.0
0.0;P03361920;1.0;1.0;1.0
0.0;MPU375170;1.0;1.0;1.0
0.0;ANG 6732,00;1.0;1.0;1.0
0.0;P01738380;0.0;2.0;2.0
0.0;MPU200281;1.0;1.0;1.0
0.0;P04885364;0.0;0.0;1.0
0.0;LY0234368;0.0;0.0;2.0
0.0;P02933747;0.0;0.0;1.0
0.0;P03375430;1.0;1.0;1.0
0.0;P03133092;1.0;1.0;1.0
0.0;P02742856;0.0;0.0;1.0
1.0;P03539342;0.0;0.0;1.0
0.0;P04777092;0.0;0.0;1.0
0.0;MPU1150616;1.0;1.0;1.0
0.0;LY0287942;1.0;1.0;1.0
0.0;CHE 46703,00;1.0;1.0;1.0
0.0;LY0288133;1.0;1.0;1.0
0.0;P05208580;0.0;0.0;1.0
0.0;CLF 338719,0000;1.0;1.0;1.0
0.0;P01902615;0.0;0.0;1.0
0.0;P03031710;0.0;0.0;1.0
0.0;P02521239;1.0;1.0;1.0
0.0;P05156682;0.0;0.0;1.0
0.0;P05208688;0.0;0.0;2.0
1.0;P03879547;0.0;0.0;1.0
0.0;MPU697220;1.0;1.0;1.0
0.0;P02741937;0.0;0.0;1.0
0.0;P05097361;0.0;0.0;1.0
0.0;P00872661;1.0;1.0;1.0
0.0;MPU253351;1.0;1.0;1.0
0.0;LY0271290;1.0;1.0;1.0
0.0;P05229945;0.0;0.0;1.0
0.0;LY0271528;1.0;1.0;1.0
0.0;P04722489;0.0;0.0;1.0
1.0;P02939024;0.0;0.0;1.0
1.0;P03516148;0.0;6.0;6.0
0.0;P05157070;0.0;0.0;1.0
0.0;P05097422;0.0;0.0;1.0
1.0;MPU1335337;0.0;0.0;1.0
0.0;P00904385;1.0;1.0;1.0
1.0;P02938943;0.0;0.0;1.0
0.0;P02947122;0.0;0.0;1.0
0.0;P03302920;1.0;1.0;1.0
0.0;P04722610;0.0;0.0;1.0
0.0;P02974282;1.0;1.0;1.0
1.0;P02741975;0.0;0.0;2.0
1.0;P02742210;0.0;0.0;2.0
0.0;P05260320;0.0;0.0;1.0
0.0;P00589436;0.0;0.0;2.0
1.0;P03550433;0.0;0.0;1.0
1.0;P00577324;0.0;0.0;1.0
0.0;P02542747;1.0;1.0;1.0
0.0;LY0287076;1.0;1.0;1.0
0.0;P04193038;1.0;1.0;1.0
0.0;P05238003;0.0;0.0;1.0
0.0;ANG 7627,00;1.0;1.0;1.0
0.0;P03028630;0.0;0.0;1.0
1.0;P03031125;0.0;0.0;1.0
0.0;P03361277;1.0;1.0;1.0
0.0;P05239134;0.0;0.0;1.0
0.0;P01902249;0.0;0.0;1.0
0.0;NCY0070250;1.0;1.0;1.0
0.0;MPU1227273;0.0;0.0;2.0
0.0;P03132866;1.0;1.0;2.0
0.0;LMS09656;1.0;1.0;1.0
0.0;P03009979;1.0;1.0;1.0
0.0;MPU1143700;1.0;1.0;1.0
1.0;P03537301;0.0;0.0;1.0
0.0;P02933145;0.0;0.0;1.0
0.0;P02939763;0.0;0.0;1.0
0.0;P00798852;0.0;0.0;1.0
0.0;P05321441;0.0;0.0;1.0
0.0;NCY0070320;1.0;1.0;1.0
0.0;P05259049;0.0;0.0;1.0
0.0;P04194798;1.0;1.0;1.0
0.0;P02934208;0.0;0.0;1.0
0.0;P03210927;1.0;1.0;1.0
0.0;P03141704;1.0;1.0;1.0
0.0;P06794367;1.0;1.0;1.0
0.0;LY0700418;0.0;0.0;1.0
0.0;P04144901;1.0;1.0;1.0
1.0;P03524484;0.0;0.0;1.0
0.0;P06767845;1.0;1.0;1.0
0.0;P03010683;1.0;1.0;1.0
0.0;CLF 169850,0000;1.0;1.0;1.0
0.0;P04194436;1.0;1.0;1.0
0.0;CLF 339549,0000;1.0;1.0;1.0
0.0;LY0288589;1.0;1.0;1.0
0.0;P04166494;1.0;1.0;1.0
0.0;P03241962;1.0;1.0;1.0
0.0;P00783762;1.0;1.0;1.0
0.0;VTA003025;1.0;1.0;1.0
0.0;MPU281580;1.0;1.0;1.0
0.0;P02573590;1.0;1.0;1.0
0.0;P04174251;1.0;1.0;1.0
0.0;P03080327;0.0;0.0;1.0
1.0;P03879170;0.0;0.0;2.0
0.0;P05238698;0.0;0.0;1.0
0.0;P04193801;1.0;1.0;1.0
0.0;P02932292;0.0;0.0;1.0
0.0;P04680918;0.0;0.0;1.0
0.0;P02937721;0.0;0.0;1.0
0.0;P05229813;0.0;0.0;1.0
0.0;P06833089;1.0;1.0;1.0
0.0;MPU240986;1.0;1.0;1.0
1.0;P02947153;0.0;1.0;1.0
0.0;P05321884;0.0;0.0;1.0
0.0;CLF 362387,0000;1.0;1.0;1.0
0.0;LY0234489;0.0;0.0;1.0
1.0;STR020900;0.0;0.0;1.0
0.0;LY0285688;1.0;1.0;1.0
0.0;P00181302;0.0;2.0;1.0
0.0;P05097453;0.0;0.0;1.0
0.0;LMS09628;1.0;1.0;1.0
0.0;MPU321280;1.0;1.0;1.0
0.0;LY0286172;1.0;1.0;1.0
0.0;P04680837;0.0;0.0;1.0
0.0;P03010629;1.0;1.0;1.0
0.0;P05238096;0.0;0.0;1.0
0.0;P02780725;0.0;0.0;1.0
0.0;MARS21889;1.0;1.0;1.0
0.0;P02521012;1.0;1.0;1.0
0.0;P05318769;0.0;0.0;2.0
0.0;P05237483;0.0;0.0;1.0
0.0;AUR03928;1.0;1.0;1.0
0.0;P03264593;1.0;1.0;1.0
1.0;P03550446;0.0;0.0;1.0
0.0;CLF 156784,0000;1.0;1.0;1.0
0.0;P02932354;0.0;0.0;1.0
0.0;P04149984;1.0;1.0;1.0
0.0;LY0270734;1.0;1.0;1.0
0.0;P03303999;1.0;1.0;1.0
0.0;NCY0070513;1.0;1.0;1.0
0.0;P05238937;0.0;0.0;1.0
0.0;CHE 46574,00;1.0;1.0;1.0
0.0;MPU1099134;1.0;1.0;1.0
0.0;NCY0072179;1.0;1.0;1.0
0.0;LY0270514;1.0;1.0;1.0
0.0;NOU051187;0.0;0.0;1.0
0.0;LY0272358;1.0;1.0;1.0
0.0;ANG 71397,00;1.0;1.0;1.0
0.0;NCY0068870;1.0;1.0;1.0
0.0;P04146083;1.0;1.0;1.0
0.0;P05238183;0.0;0.0;1.0
0.0;P03141689;1.0;1.0;1.0
0.0;P01084377;1.0;1.0;1.0
0.0;LY0232963;0.0;0.0;1.0
0.0;LY0234276;0.0;0.0;1.0
0.0;P00608762;0.0;0.0;1.0
0.0;P05237936;0.0;0.0;1.0
0.0;P05229438;0.0;0.0;1.0
0.0;P03547555;0.0;0.0;1.0
0.0;P03363344;1.0;1.0;1.0
0.0;LY0288824;1.0;1.0;1.0
0.0;P03145936;0.0;1.0;1.0
1.0;P03849519;0.0;0.0;1.0
0.0;MPU1141357;1.0;1.0;1.0
0.0;P06787979;1.0;1.0;1.0
0.0;LY0289847;1.0;1.0;1.0
1.0;P03550513;0.0;0.0;1.0
0.0;P00872637;1.0;1.0;1.0
0.0;P03010019;1.0;1.0;1.0
0.0;P05156862;0.0;0.0;1.0
0.0;P04776766;0.0;0.0;2.0
0.0;NCY0068792;1.0;1.0;1.0
0.0;NCY014111;1.0;1.0;1.0
0.0;P01902631;0.0;0.0;1.0
0.0;LY0271209;1.0;1.0;1.0
0.0;LY0273097;1.0;1.0;1.0
1.0;P04080560;0.0;0.0;1.0
0.0;P03341140;1.0;1.0;1.0
0.0;P02089764;0.0;0.0;1.0
0.0;P04182498;1.0;1.0;1.0
0.0;P02935405;0.0;0.0;1.0
0.0;P05209369;0.0;0.0;1.0
0.0;ANG 6430,00;1.0;1.0;1.0
0.0;P00402688;0.0;0.0;1.0
0.0;P0009621;0.0;0.0;1.0
0.0;LY0286167;1.0;1.0;1.0
0.0;P05228901;0.0;0.0;2.0
0.0;P00889365;1.0;1.0;1.0
1.0;P00438128;0.0;0.0;1.0
0.0;ANG 15892,00;1.0;1.0;1.0
0.0;P04325802;1.0;1.0;1.0
0.0;P04146506;1.0;1.0;1.0
0.0;P03914882;1.0;1.0;1.0
0.0;LY0271128;1.0;1.0;1.0
1.0;P02742886;0.0;2.0;1.0
0.0;MPU166174;0.0;0.0;1.0
0.0;P05322263;0.0;0.0;1.0
0.0;P05209362;0.0;0.0;1.0
0.0;P03080358;0.0;0.0;1.0
0.0;P04903241;0.0;0.0;1.0
0.0;P03010136;1.0;1.0;1.0
0.0;P03865505;0.0;0.0;1.0
0.0;P03559813;1.0;1.0;1.0
0.0;P04148030;1.0;1.0;1.0
0.0;P01036616;1.0;1.0;1.0
0.0;P03337579;1.0;1.0;1.0
0.0;VTA017426;0.0;0.0;1.0
0.0;P04155938;1.0;1.0;1.0
0.0;NOU033708;0.0;0.0;2.0
0.0;NCY0071361;1.0;1.0;1.0
0.0;P04776749;0.0;0.0;1.0
0.0;P05238238;0.0;0.0;1.0
0.0;CLF 216522,0000;1.0;1.0;1.0
0.0;NCY015688;1.0;1.0;1.0
0.0;CHE 35859,00;1.0;1.0;1.0
0.0;LY0286810;1.0;1.0;1.0
0.0;CLF 339535,0000;1.0;1.0;1.0
0.0;P02933126;0.0;0.0;1.0
0.0;P00524979;0.0;0.0;1.0
0.0;P02972976;1.0;1.0;1.0
0.0;P02761682;0.0;0.0;1.0
0.0;NCY014152;1.0;1.0;1.0
0.0;P04827844;0.0;0.0;1.0
0.0;MPU1141050;1.0;1.0;1.0
0.0;P02566141;1.0;1.0;1.0
0.0;LY0288615;1.0;1.0;1.0
0.0;P05229492;0.0;0.0;1.0
0.0;ANG 81856,00;1.0;1.0;1.0
0.0;P04172811;1.0;1.0;1.0
0.0;P05229485;0.0;0.0;2.0
0.0;P04166482;1.0;1.0;1.0
0.0;P02780615;0.0;0.0;1.0
0.0;P04722693;0.0;2.0;1.0
0.0;P02939758;0.0;0.0;1.0
0.0;MPU140213;1.0;1.0;1.0
0.0;P05291063;0.0;0.0;1.0
0.0;MPU1216218;1.0;1.0;1.0
0.0;P03009967;1.0;1.0;1.0
0.0;MPU1220106;1.0;1.0;1.0
0.0;P05238012;0.0;0.0;1.0
0.0;P05239087;0.0;0.0;1.0
0.0;P02938102;0.0;0.0;1.0
0.0;CLF 239700,0000;1.0;1.0;1.0
0.0;P02934309;0.0;0.0;1.0
0.0;P04181482;1.0;1.0;1.0
0.0;P06794535;1.0;1.0;1.0
0.0;P05209187;0.0;0.0;1.0
0.0;P03559492;1.0;1.0;1.0
0.0;P00118022;0.0;0.0;1.0
0.0;NOU073562;0.0;0.0;1.0
0.0;LY0274925;1.0;1.0;1.0
0.0;P02089766;0.0;0.0;1.0
0.0;P00871723;1.0;1.0;1.0
0.0;P03010302;1.0;1.0;1.0
1.0;P03878995;0.0;0.0;1.0
0.0;SLA050348;1.0;1.0;1.0
0.0;P05208605;0.0;0.0;1.0
0.0;P02552490;0.0;0.0;1.0
0.0;P01902254;0.0;0.0;1.0
0.0;P05237504;0.0;0.0;1.0
0.0;P06786630;1.0;1.0;1.0
0.0;CLF 181779,0000;1.0;1.0;1.0
0.0;MPU1220282;1.0;1.0;1.0
0.0;P05321368;0.0;0.0;1.0
0.0;P04146465;1.0;1.0;1.0
0.0;CLF 338664,0000;1.0;1.0;1.0
0.0;P04344493;1.0;1.0;1.0
0.0;P03559496;1.0;1.0;1.0
0.0;P04340925;1.0;1.0;1.0
0.0;CLF 339500,0000;1.0;1.0;1.0
0.0;P00101147;0.0;0.0;1.0
0.0;MPU1171442;1.0;1.0;1.0
0.0;P01156691;1.0;1.0;1.0
0.0;P03144923;1.0;1.0;1.0
0.0;LY0271307;1.0;1.0;1.0
0.0;P03210416;1.0;1.0;1.0
0.0;P05209218;0.0;0.0;2.0
0.0;P02497505;1.0;1.0;1.0
0.0;SLA020692;1.0;1.0;1.0
0.0;CHE 35759,00;1.0;1.0;1.0
0.0;P03337502;1.0;1.0;1.0
0.0;P02948331;0.0;0.0;1.0
0.0;P05229493;0.0;0.0;1.0
0.0;P04154786;1.0;1.0;1.0
0.0;P03009817;1.0;1.0;1.0
0.0;P01066003;1.0;1.0;1.0
0.0;P04340083;1.0;1.0;1.0
0.0;P03340716;1.0;1.0;1.0
0.0;P04154256;1.0;1.0;1.0
0.0;CLF 338982,0000;1.0;1.0;1.0
0.0;P05237646;0.0;0.0;1.0
0.0;P05257651;0.0;0.0;1.0
0.0;P04163530;1.0;1.0;1.0
0.0;ANG 5510,00;1.0;1.0;1.0
0.0;P04682390;0.0;0.0;1.0
0.0;P03372481;1.0;1.0;1.0
0.0;P01157297;0.0;0.0;1.0
0.0;P02932416;0.0;0.0;1.0
0.0;LY0289247;1.0;1.0;1.0
0.0;P03211017;1.0;1.0;1.0
0.0;P03376914;1.0;1.0;1.0
0.0;LY0272727;1.0;1.0;1.0
0.0;P02938678;0.0;0.0;1.0
0.0;NCY015184;1.0;1.0;1.0
0.0;P05322225;0.0;0.0;1.0
0.0;P05257480;0.0;0.0;1.0
0.0;P04150015;1.0;1.0;1.0
0.0;P04776678;0.0;0.0;1.0
0.0;P01902458;0.0;0.0;1.0
0.0;P04363359;1.0;1.0;1.0
0.0;P04071036;0.0;0.0;2.0
0.0;P05238411;0.0;0.0;1.0
0.0;P06793140;1.0;1.0;1.0
0.0;P04145698;1.0;1.0;1.0
0.0;P04064934;1.0;1.0;1.0
0.0;P03350642;1.0;1.0;1.0
0.0;P04345028;1.0;1.0;1.0
0.0;P05321156;0.0;0.0;1.0
0.0;P02933159;0.0;0.0;1.0
0.0;MPU176336;1.0;1.0;1.0
0.0;ANG 8057,00;1.0;1.0;1.0
0.0;CLF 156362,0000;1.0;1.0;1.0
0.0;P05258421;0.0;0.0;2.0
0.0;P05239250;0.0;0.0;2.0
0.0;ANG 8093,00;1.0;1.0;1.0
0.0;P02497565;1.0;1.0;1.0
0.0;LY0270882;1.0;1.0;1.0
0.0;P05234702;0.0;0.0;1.0
0.0;P03373405;1.0;1.0;1.0
0.0;P03134643;1.0;1.0;1.0
1.0;P03539889;0.0;2.0;1.0
0.0;ANG 6752,00;1.0;1.0;1.0
0.0;P00179835;0.0;0.0;1.0
0.0;AUR03991;1.0;1.0;1.0
0.0;P05318256;0.0;0.0;2.0
0.0;P04162559;1.0;1.0;1.0
0.0;CHE 40869,00;1.0;1.0;1.0
0.0;P06786796;1.0;1.0;1.0
0.0;P05131015;0.0;0.0;1.0
0.0;LY0289334;1.0;1.0;1.0
0.0;ANG 71527,00;1.0;1.0;1.0
0.0;P03338064;1.0;1.0;1.0
0.0;P05156440;0.0;0.0;1.0
1.0;LMS10756;0.0;0.0;1.0
0.0;P03361415;1.0;1.0;1.0
0.0;P05576968;0.0;0.0;1.0
0.0;P03022835;1.0;1.0;1.0
0.0;P05321367;0.0;0.0;1.0
0.0;P05238432;0.0;0.0;1.0
0.0;NCY014179;1.0;1.0;1.0
0.0;P03076966;0.0;0.0;1.0
1.0;P02938534;0.0;0.0;1.0
0.0;LY0271168;1.0;1.0;1.0
0.0;TLON16594;0.0;1.0;1.0
0.0;P02938300;0.0;0.0;1.0
0.0;P05322296;0.0;0.0;1.0
0.0;P05156846;0.0;0.0;1.0
0.0;LY0289513;1.0;1.0;1.0
0.0;LY0275531;1.0;1.0;1.0
0.0;P04525652;0.0;0.0;1.0
0.0;LY0287222;1.0;1.0;1.0
0.0;CLF 294195,0000;1.0;1.0;1.0
0.0;CHE 44482,00;1.0;1.0;1.0
0.0;P05258176;0.0;0.0;1.0
0.0;P02780691;0.0;2.0;1.0
0.0;P04181971;1.0;1.0;1.0
1.0;P02932452;0.0;0.0;1.0
0.0;ANG 8150,00;1.0;1.0;1.0
1.0;P00198356;0.0;0.0;2.0
0.0;ANG 5906,00;1.0;1.0;1.0
0.0;P05238242;0.0;0.0;1.0
0.0;MPU166031;0.0;0.0;2.0
0.0;MPU061308;1.0;1.0;1.0
0.0;P06138343;0.0;0.0;1.0
1.0;BAIL004307;0.0;0.0;1.0
0.0;P02999671;1.0;1.0;1.0
0.0;P04884710;0.0;0.0;1.0
0.0;P02999723;1.0;1.0;1.0
0.0;LY0286077;1.0;1.0;1.0
0.0;P05257729;0.0;0.0;1.0
0.0;P03302923;1.0;1.0;1.0
0.0;P04175451;1.0;1.0;1.0
0.0;ANG 15978,00;1.0;1.0;1.0
0.0;LY0289933;1.0;1.0;1.0
0.0;CLF 314167,0000;1.0;1.0;1.0
0.0;P03375284;1.0;1.0;2.0
0.0;P04181724;1.0;1.0;1.0
0.0;P00402696;0.0;0.0;2.0
0.0;P02780634;0.0;0.0;1.0
0.0;P04148380;1.0;1.0;1.0
0.0;P02579792;1.0;1.0;1.0
0.0;MPU697228;1.0;1.0;1.0
0.0;P03848430;0.0;0.0;0.0
0.0;P05237675;0.0;0.0;1.0
0.0;P05229514;0.0;0.0;1.0
0.0;CLF 339275,0000;1.0;1.0;1.0
0.0;P02566086;1.0;1.0;1.0
0.0;MPU202757;1.0;1.0;1.0
0.0;P00602557;0.0;0.0;1.0
0.0;ANG 71222,00;1.0;1.0;1.0
0.0;P04682207;0.0;0.0;1.0
0.0;P05209659;0.0;0.0;1.0
0.0;P04722574;0.0;0.0;1.0
0.0;LY0187981;0.0;0.0;1.0
0.0;P02934165;0.0;0.0;1.0
0.0;P02742717;0.0;0.0;1.0
0.0;P03301038;1.0;1.0;1.0
0.0;LY0288863;1.0;1.0;1.0
0.0;P04181333;1.0;1.0;1.0
0.0;P03135632;0.0;1.0;1.0
0.0;P02761766;0.0;0.0;1.0
0.0;P05239307;0.0;0.0;1.0
0.0;LY0272567;1.0;1.0;1.0
0.0;P03375264;1.0;1.0;1.0
0.0;P05097366;0.0;0.0;1.0
0.0;ANG 81466,00;1.0;1.0;1.0
0.0;P02089759;0.0;0.0;1.0
0.0;MPU1029983;1.0;1.0;1.0
0.0;P05097479;0.0;0.0;1.0
0.0;P03360036;1.0;1.0;1.0
1.0;P02939019;0.0;0.0;1.0
0.0;P02520741;1.0;1.0;1.0
0.0;P03559633;1.0;1.0;1.0
0.0;P03009648;1.0;1.0;1.0
0.0;P00856303;1.0;1.0;1.0
0.0;CLF 330308,0000;1.0;1.0;1.0
0.0;LY0272098;1.0;1.0;1.0
0.0;MPU253653;1.0;1.0;1.0
0.0;P00870567;1.0;1.0;1.0
0.0;LY0275290;1.0;1.0;1.0
0.0;P04175957;1.0;1.0;1.0
0.0;P05239423;0.0;0.0;1.0
0.0;MJSD023245;1.0;1.0;1.0
0.0;P03080342;0.0;0.0;1.0
0.0;P06136918;1.0;1.0;1.0
0.0;MARS21924;1.0;1.0;1.0
0.0;P05322234;0.0;0.0;1.0
0.0;P02938360;0.0;0.0;1.0
1.0;P02939077;0.0;0.0;1.0
0.0;P03134057;1.0;1.0;1.0
0.0;P02521351;1.0;1.0;1.0
0.0;P05291004;0.0;0.0;1.0
0.0;LY0286046;1.0;1.0;1.0
0.0;ANG 15260,00;1.0;1.0;1.0
0.0;ALF043980;1.0;1.0;1.0
0.0;LY0271373;1.0;1.0;1.0
0.0;CHE 44052,00;1.0;1.0;1.0
0.0;P03327759;1.0;1.0;1.0
0.0;P03211455;1.0;1.0;1.0
1.0;P03879722;0.0;0.0;1.0
0.0;P03361926;1.0;1.0;1.0
0.0;P04155408;1.0;1.0;1.0
0.0;MPU176407;0.0;1.0;1.0
0.0;SLA036929;1.0;1.0;1.0
0.0;P04776750;0.0;0.0;1.0
0.0;P02938867;0.0;0.0;1.0
0.0;P03372199;1.0;1.0;1.0
0.0;P02933309;0.0;0.0;1.0
1.0;P02939703;0.0;0.0;1.0
0.0;NCY014151;1.0;1.0;1.0
0.0;P04153880;1.0;1.0;1.0
0.0;P00856306;1.0;1.0;1.0
0.0;P05209105;0.0;0.0;2.0
1.0;P02932404;0.0;0.0;2.0
0.0;MPU997311;1.0;1.0;1.0
0.0;P02934345;0.0;0.0;1.0
0.0;MPU715437;1.0;1.0;1.0
0.0;MPU725028;0.0;0.0;1.0
0.0;P05208550;0.0;0.0;1.0
0.0;P04325839;1.0;1.0;1.0
0.0;ANG 6136,00;1.0;1.0;1.0
0.0;P04340343;1.0;1.0;1.0
0.0;P05094131;0.0;0.0;2.0
0.0;P05237611;0.0;0.0;1.0
0.0;MPU452894;1.0;1.0;1.0
0.0;P05229890;0.0;0.0;1.0
0.0;ANG 82160,00;1.0;1.0;1.0
1.0;P03850346;0.0;0.0;1.0
0.0;P03141738;1.0;1.0;1.0
0.0;P02493686;1.0;1.0;1.0
0.0;P01032033;0.0;0.0;1.0
0.0;P05203769;0.0;0.0;1.0
0.0;MPU452914;1.0;1.0;1.0
0.0;ANG 7029,00;1.0;1.0;1.0
0.0;P06889716;1.0;1.0;1.0
1.0;P03524350;0.0;6.0;6.0
0.0;P03135153;1.0;1.0;1.0
0.0;MPU175188;1.0;1.0;1.0
0.0;P04166904;1.0;1.0;1.0
0.0;P05258187;0.0;0.0;1.0
0.0;P03372837;0.0;1.0;1.0
0.0;P04154612;1.0;1.0;1.0
0.0;P02566134;1.0;1.0;1.0
0.0;P00889379;1.0;1.0;1.0
0.0;P06792263;1.0;1.0;1.0
0.0;P02975348;1.0;1.0;1.0
1.0;P03537473;0.0;0.0;1.0
0.0;P03267308;1.0;1.0;1.0
0.0;MPU1217548;0.0;1.0;1.0
0.0;P04039398;0.0;0.0;1.0
0.0;P03141757;1.0;1.0;1.0
0.0;P05229575;0.0;0.0;1.0
0.0;P02741640;0.0;0.0;1.0
0.0;P02938708;0.0;0.0;1.0
0.0;NCY014192;1.0;1.0;1.0
0.0;CHE 46193,00;1.0;1.0;1.0
0.0;P04070983;0.0;0.0;1.0
0.0;P05261762;0.0;0.0;1.0
1.0;P02934300;0.0;0.0;1.0
0.0;P04148491;1.0;1.0;1.0
0.0;P04681813;0.0;0.0;2.0
0.0;P05257583;0.0;0.0;1.0
0.0;P03133029;1.0;1.0;1.0
0.0;ANG 6312,00;1.0;1.0;1.0
0.0;ANG 71692,00;1.0;1.0;1.0
0.0;P04344492;1.0;1.0;1.0
0.0;ANG 7040,00;1.0;1.0;1.0
1.0;BAIL013296;0.0;1.0;1.0
0.0;LMS09687;1.0;1.0;1.0
0.0;LY0237761;0.0;0.0;2.0
0.0;SLA035873;1.0;1.0;1.0
0.0;NCY013979;1.0;1.0;1.0
0.0;P03537376;0.0;0.0;2.0
0.0;P03076980;0.0;0.0;1.0
0.0;P06794424;1.0;1.0;1.0
0.0;P02761439;0.0;0.0;1.0
0.0;P04362690;1.0;1.0;1.0
0.0;P05121176;0.0;0.0;1.0
0.0;LY0271079;1.0;1.0;1.0
0.0;CHE 46911,00;1.0;1.0;1.0
0.0;LY0234141;0.0;0.0;1.0
0.0;ANG 71967,00;1.0;1.0;1.0
0.0;ALF046482;1.0;1.0;1.0
0.0;P03375357;0.0;1.0;1.0
0.0;LY0234408;0.0;0.0;2.0
0.0;P03143857;1.0;1.0;1.0
0.0;P02579092;1.0;1.0;1.0
0.0;P03135569;1.0;1.0;1.0
0.0;P05321425;0.0;0.0;1.0
0.0;MPU1150820;1.0;1.0;1.0
0.0;P04146618;1.0;1.0;1.0
0.0;P05318776;0.0;0.0;2.0
0.0;NCY0069227;1.0;1.0;1.0
0.0;P02521131;1.0;1.0;1.0
0.0;P04182356;1.0;1.0;1.0
0.0;CHE 46869,00;1.0;1.0;1.0
0.0;P04172708;1.0;1.0;1.0
0.0;P06794551;1.0;1.0;1.0
0.0;LY0214765;1.0;1.0;1.0
0.0;LY0270573;1.0;1.0;1.0
1.0;P00761851;0.0;0.0;1.0
0.0;P06793417;1.0;1.0;1.0
0.0;CLF 339114,0000;1.0;1.0;1.0
0.0;P04203141;1.0;1.0;1.0
0.0;P02937989;0.0;0.0;1.0
0.0;P03337306;1.0;1.0;1.0
1.0;P02763623;0.0;0.0;1.0
0.0;CLF 167194,0000;1.0;1.0;1.0
0.0;P03010043;1.0;1.0;1.0
0.0;P03337508;1.0;1.0;1.0
0.0;P04885253;0.0;0.0;1.0
0.0;P04152930;1.0;1.0;1.0
0.0;P04340892;1.0;1.0;1.0
0.0;BAIL001485;1.0;1.0;1.0
0.0;P06792525;1.0;1.0;1.0
0.0;LY0275661;1.0;1.0;1.0
0.0;P03022842;1.0;1.0;1.0
0.0;P06800220;1.0;1.0;1.0
0.0;P06793666;1.0;1.0;1.0
0.0;P03341032;1.0;1.0;1.0
0.0;LY0234405;0.0;0.0;1.0
0.0;NCY015718;1.0;1.0;1.0
0.0;LY0286583;1.0;1.0;1.0
0.0;NCY0068790;1.0;1.0;1.0
0.0;P03010325;1.0;1.0;1.0
0.0;P05318739;0.0;0.0;1.0
0.0;P04340123;1.0;1.0;1.0
0.0;P02493498;1.0;1.0;1.0
0.0;P05263851;0.0;0.0;1.0
0.0;LY0288435;1.0;1.0;1.0
0.0;LY0285476;1.0;1.0;1.0
0.0;P05094097;0.0;0.0;1.0
0.0;P03134068;1.0;1.0;1.0
0.0;CHE 41165,00;1.0;1.0;1.0
0.0;P05121207;0.0;0.0;1.0
0.0;P06832922;1.0;1.0;1.0
0.0;P03028699;0.0;0.0;1.0
0.0;LYJB004639;1.0;1.0;1.0
0.0;LY0275449;1.0;1.0;1.0
1.0;P03536514;0.0;0.0;1.0
0.0;P02397942;1.0;1.0;1.0
0.0;P05229179;0.0;0.0;1.0
0.0;P02938668;0.0;0.0;1.0
0.0;NCY0070620;1.0;1.0;1.0
0.0;CHE 41635,00;1.0;1.0;1.0
0.0;P05229368;0.0;0.0;2.0
0.0;P00903604;1.0;1.0;1.0
0.0;P03551849;0.0;0.0;2.0
0.0;P03559485;1.0;1.0;1.0
0.0;P00904393;1.0;1.0;1.0
0.0;NCY0069083;1.0;1.0;1.0
0.0;SLA050333;1.0;1.0;1.0
0.0;P04151395;1.0;1.0;1.0
0.0;LY0287523;1.0;1.0;1.0
0.0;LMS10704;1.0;1.0;1.0
0.0;P03372549;1.0;1.0;2.0
0.0;TL0016796;0.0;0.0;2.0
0.0;P04182843;1.0;1.0;1.0
0.0;P00144737;0.0;0.0;2.0
0.0;MPU1217431;1.0;1.0;1.0
0.0;P05156885;0.0;0.0;1.0
0.0;P04148332;1.0;1.0;1.0
1.0;P04071413;0.0;0.0;1.0
0.0;P02750228;0.0;0.0;1.0
0.0;ANG 71786,00;1.0;1.0;1.0
0.0;P05121181;0.0;0.0;1.0
0.0;P02938051;0.0;2.0;1.0
0.0;P01030759;1.0;1.0;1.0
0.0;P06832685;1.0;1.0;1.0
0.0;P04146400;1.0;1.0;1.0
0.0;MPU452891;1.0;1.0;1.0
0.0;P02937924;0.0;0.0;1.0
0.0;P05237406;0.0;0.0;1.0
0.0;P00088004;0.0;0.0;1.0
0.0;VTA003200;1.0;1.0;1.0
0.0;NCY0069226;1.0;1.0;1.0
0.0;P04150047;1.0;1.0;1.0
0.0;P03341375;1.0;1.0;1.0
0.0;ANG 15325,00;1.0;1.0;1.0
0.0;P04827843;0.0;0.0;1.0
0.0;P03009846;1.0;1.0;1.0
0.0;P00402657;0.0;0.0;2.0
0.0;P05229816;0.0;0.0;1.0
0.0;P03341373;1.0;1.0;1.0
0.0;P02938370;0.0;0.0;1.0
0.0;P03303106;1.0;1.0;1.0
0.0;P04172529;1.0;1.0;1.0
0.0;P05208918;0.0;0.0;1.0
0.0;P03373277;0.0;1.0;1.0
0.0;P03028690;0.0;0.0;1.0
0.0;MPU715485;1.0;1.0;1.0
0.0;P03076932;0.0;0.0;1.0
1.0;P02938421;0.0;0.0;1.0
0.0;P05229922;0.0;0.0;1.0
0.0;P00118017;0.0;0.0;1.0
0.0;P05208678;0.0;0.0;1.0
0.0;MPU1266616;0.0;0.0;1.0
1.0;P03879761;0.0;0.0;1.0
0.0;P04172724;1.0;1.0;1.0
0.0;P04155490;1.0;1.0;1.0
0.0;P00626492;0.0;0.0;2.0
0.0;P03363585;1.0;1.0;1.0
0.0;P03241899;1.0;1.0;1.0
0.0;P04181765;1.0;1.0;1.0
0.0;P03264040;1.0;1.0;1.0
0.0;P04167031;1.0;1.0;1.0
0.0;LY0214545;1.0;1.0;1.0
0.0;P04884735;0.0;0.0;1.0
1.0;P03867751;0.0;1.0;1.0
0.0;P02761479;0.0;0.0;1.0
0.0;P05258200;0.0;0.0;1.0
0.0;ANG 7770,00;1.0;1.0;1.0
0.0;MPU384739;0.0;0.0;1.0
0.0;P04155908;1.0;1.0;1.0
0.0;P04722696;0.0;0.0;1.0
1.0;P04039403;0.0;0.0;1.0
1.0;P02742311;0.0;0.0;1.0
0.0;P04080692;0.0;0.0;2.0
0.0;P04181996;1.0;1.0;1.0
0.0;P04680855;0.0;0.0;1.0
0.0;CHE 44012,00;1.0;1.0;1.0
0.0;NCY0070204;1.0;1.0;1.0
0.0;P05322188;0.0;0.0;1.0
0.0;ANG 71489,00;1.0;1.0;1.0
0.0;P05237471;0.0;0.0;1.0
0.0;ANG 15189,00;1.0;1.0;1.0
0.0;P05238250;0.0;0.0;1.0
0.0;MPU183151;0.0;0.0;1.0
0.0;P05208447;0.0;0.0;1.0
0.0;P02542780;1.0;1.0;1.0
0.0;P05322159;0.0;0.0;1.0
0.0;P02999931;1.0;1.0;1.0
0.0;P02552492;0.0;0.0;1.0
0.0;P05291070;0.0;0.0;1.0
0.0;P05208582;0.0;0.0;1.0
0.0;P02742820;0.0;0.0;1.0
0.0;LY0287543;1.0;1.0;1.0
1.0;P02935766;0.0;0.0;1.0
0.0;LY0285072;1.0;1.0;1.0
0.0;MPU208344;1.0;1.0;1.0
0.0;P04181768;1.0;1.0;1.0
0.0;P06832122;1.0;1.0;1.0
0.0;P03009708;1.0;1.0;1.0
0.0;P02972980;1.0;1.0;1.0
0.0;P05257656;0.0;0.0;1.0
0.0;LY0213980;1.0;1.0;1.0
0.0;P02947061;0.0;0.0;1.0
0.0;P03211283;1.0;1.0;1.0
0.0;P01067519;1.0;1.0;1.0
0.0;P02742312;0.0;2.0;1.0
0.0;P02396003;1.0;1.0;1.0
0.0;P05208719;0.0;0.0;1.0
0.0;P03361206;1.0;1.0;1.0
0.0;P05094467;0.0;0.0;1.0
0.0;P03549957;0.0;0.0;1.0
0.0;MPU1166146;0.0;0.0;1.0
0.0;P05229185;0.0;0.0;1.0
0.0;ANG 6098,00;1.0;1.0;1.0
0.0;P04285152;1.0;1.0;1.0
0.0;P04145024;1.0;1.0;1.0
6.0;P02932947;0.0;0.0;1.0
0.0;LY0214976;1.0;1.0;1.0
0.0;MPU1150889;1.0;1.0;1.0
0.0;P04146144;1.0;1.0;1.0
0.0;MPU078274;1.0;1.0;1.0
0.0;CLF 339168,0000;1.0;1.0;1.0
0.0;LY0270879;1.0;1.0;1.0
0.0;P04183663;1.0;1.0;1.0
0.0;P04154880;1.0;1.0;1.0
0.0;CLF 156746,0000;1.0;1.0;1.0
0.0;MPU108603;1.0;1.0;1.0
0.0;P03361189;1.0;1.0;1.0
0.0;P02937876;0.0;0.0;1.0
0.0;P06800138;1.0;1.0;1.0
0.0;MPU460270;1.0;1.0;1.0
0.0;P04776786;0.0;0.0;1.0
0.0;P02939887;0.0;0.0;1.0
0.0;P04152994;1.0;1.0;1.0
0.0;P03360069;1.0;1.0;1.0
0.0;P05262115;0.0;0.0;1.0
1.0;P02935781;0.0;0.0;1.0
0.0;P03267320;1.0;1.0;1.0
0.0;P03336572;1.0;2.0;1.0
0.0;P04182473;1.0;1.0;1.0
0.0;P05229521;0.0;0.0;2.0
0.0;P05209094;0.0;0.0;1.0
0.0;P04144018;1.0;1.0;1.0
0.0;MPU253353;1.0;1.0;1.0
0.0;CLF 168574,0000;1.0;1.0;1.0
0.0;P04273776;1.0;1.0;1.0
0.0;P04173000;1.0;1.0;1.0
0.0;P05257658;0.0;0.0;1.0
1.0;P03539028;0.0;2.0;1.0
0.0;LY0289438;1.0;1.0;1.0
0.0;P03373542;1.0;1.0;1.0
0.0;P05237868;0.0;0.0;1.0
1.0;P02947159;0.0;0.0;1.0
0.0;P05238647;0.0;0.0;1.0
0.0;P06786841;1.0;1.0;1.0
0.0;P03145007;1.0;1.0;1.0
0.0;P03133108;1.0;1.0;1.0
0.0;P04154634;1.0;1.0;1.0
0.0;P04285243;1.0;1.0;1.0
0.0;P05321877;0.0;0.0;2.0
0.0;P03141697;1.0;1.0;1.0
0.0;LY0271432;1.0;1.0;1.0
0.0;P03211110;1.0;1.0;1.0
0.0;P04341740;1.0;1.0;1.0
0.0;LY0274870;1.0;1.0;1.0
0.0;P02742848;0.0;0.0;1.0
0.0;P01064880;0.0;0.0;1.0
0.0;P03350715;1.0;1.0;1.0
0.0;LY0287513;1.0;1.0;1.0
0.0;P05208757;0.0;0.0;1.0
0.0;LY0275839;1.0;1.0;1.0
0.0;P03031688;0.0;0.0;1.0
0.0;MPU1151032;1.0;1.0;1.0
0.0;MPU1146242;1.0;1.0;1.0
0.0;MPU1150923;1.0;1.0;1.0
0.0;P03866516;0.0;0.0;2.0
1.0;P02938440;0.0;0.0;1.0
0.0;P03031698;0.0;2.0;1.0
0.0;P04154244;1.0;1.0;1.0
0.0;P02520885;1.0;1.0;1.0
0.0;P03376438;1.0;1.0;1.0
0.0;LY0285711;1.0;1.0;1.0
0.0;P00889352;1.0;1.0;1.0
0.0;CLF 167192,0000;1.0;1.0;1.0
0.0;P03023587;1.0;1.0;1.0
0.0;CLF 167228,0000;1.0;1.0;1.0
0.0;P03010230;1.0;1.0;1.0
0.0;P04399810;0.0;0.0;1.0
1.0;P03538151;0.0;0.0;1.0
0.0;P05318795;0.0;0.0;1.0
0.0;P00589371;0.0;0.0;1.0
0.0;P05097483;0.0;0.0;1.0
0.0;MPU1140857;1.0;1.0;1.0
0.0;P02550735;1.0;1.0;1.0
0.0;SLA050223;1.0;1.0;1.0
0.0;CLF 330155,0000;1.0;1.0;1.0
0.0;P02973293;1.0;1.0;1.0
0.0;P03372140;1.0;1.0;1.0
0.0;ANG 71799,00;1.0;1.0;1.0
0.0;P04181248;1.0;1.0;1.0
0.0;P04172128;1.0;1.0;1.0
0.0;ANG 15936,00;1.0;1.0;1.0
0.0;P04066300;0.0;0.0;1.0
1.0;P03865479;0.0;0.0;1.0
0.0;CLF 289197,0000;1.0;1.0;1.0
0.0;P05239070;0.0;0.0;1.0
0.0;P05322097;0.0;0.0;1.0
0.0;P04680880;0.0;0.0;1.0
0.0;P03327645;1.0;1.0;1.0
0.0;P02599900;1.0;1.0;1.0
0.0;CLF 339188,0000;1.0;1.0;1.0
0.0;MPU1218664;1.0;1.0;1.0
0.0;NOU073469;0.0;0.0;1.0
0.0;P05257506;0.0;0.0;1.0
0.0;P05208712;0.0;0.0;2.0
0.0;CLF 156738,0000;1.0;1.0;1.0
0.0;P04362731;1.0;1.0;1.0
1.0;P03867193;0.0;0.0;1.0
0.0;P04183112;1.0;1.0;1.0
0.0;ANG 15605,00;1.0;1.0;1.0
0.0;P01199668;1.0;1.0;1.0
0.0;CLF 156763,0000;1.0;1.0;1.0
0.0;ANG 15361,00;1.0;1.0;1.0
0.0;CLF 314113,0000;1.0;1.0;1.0
0.0;CHE 41312,00;1.0;1.0;1.0
0.0;P05238211;0.0;0.0;1.0
0.0;SLA036610;1.0;1.0;1.0
0.0;SLA050299;1.0;1.0;1.0
0.0;P03023201;1.0;1.0;1.0
0.0;P03361263;1.0;1.0;1.0
1.0;P04039195;0.0;0.0;2.0
1.0;P03561082;0.0;2.0;1.0
1.0;P03546406;0.0;0.0;1.0
0.0;MPU697231;1.0;1.0;1.0
0.0;P02938348;0.0;0.0;1.0
0.0;LY0275144;1.0;1.0;1.0
0.0;P01065700;0.0;0.0;1.0
0.0;NCY0072136;1.0;1.0;1.0
0.0;LY0289470;1.0;1.0;1.0
0.0;P05237736;0.0;0.0;2.0
0.0;P04145363;1.0;1.0;1.0
0.0;LY0272520;1.0;1.0;1.0
0.0;P04193475;1.0;1.0;1.0
0.0;P05322314;0.0;0.0;1.0
0.0;P04680801;0.0;0.0;1.0
0.0;P04445707;1.0;1.0;1.0
0.0;P03373601;1.0;1.0;1.0
0.0;P00426671;0.0;0.0;1.0
0.0;P04080130;0.0;0.0;1.0
0.0;P03376380;1.0;1.0;1.0
0.0;P04167521;1.0;1.0;1.0
0.0;P05318735;0.0;0.0;1.0
0.0;LY0212286;1.0;1.0;1.0
0.0;CHE 46513,00;1.0;1.0;1.0
0.0;P00783779;1.0;1.0;1.0
1.0;P03550566;0.0;6.0;6.0
0.0;LY0275564;1.0;1.0;1.0
6.0;P05234701;0.0;0.0;1.0
0.0;P03372094;1.0;1.0;1.0
0.0;P05320963;0.0;0.0;2.0
0.0;P05121881;0.0;0.0;1.0
0.0;P06832051;1.0;1.0;1.0
0.0;LY0285539;1.0;1.0;1.0
0.0;MPU1227271;0.0;0.0;1.0
0.0;LY0286717;1.0;1.0;1.0
0.0;P02938017;0.0;0.0;1.0
0.0;CHE 46672,00;1.0;1.0;1.0
0.0;P00425765;0.0;0.0;1.0
0.0;P04575140;1.0;1.0;1.0
0.0;P04353305;1.0;1.0;1.0
0.0;P02651854;1.0;1.0;1.0
1.0;P03561778;0.0;0.0;1.0
0.0;P05258422;0.0;0.0;2.0
0.0;P03023624;1.0;1.0;1.0
0.0;ANG 6480,00;1.0;1.0;1.0
0.0;P02933439;0.0;0.0;1.0
0.0;P04181190;1.0;1.0;1.0
0.0;MPU1142488;1.0;1.0;1.0
0.0;P06793506;1.0;1.0;1.0
1.0;P03539802;0.0;0.0;1.0
0.0;P03327615;1.0;1.0;1.0
0.0;P04201615;1.0;1.0;1.0
1.0;P03539528;0.0;0.0;1.0
0.0;LY0272824;1.0;1.0;1.0
0.0;LY0287043;1.0;1.0;1.0
0.0;P04194792;1.0;1.0;1.0
0.0;P00101227;0.0;0.0;1.0
0.0;LY0286552;1.0;1.0;1.0
0.0;P03010510;1.0;1.0;1.0
0.0;MPU253357;1.0;1.0;1.0
0.0;P02939701;0.0;0.0;1.0
0.0;NCY0070597;1.0;1.0;1.0
0.0;P01065703;0.0;0.0;1.0
0.0;NOU072897;0.0;0.0;1.0
0.0;LY0285790;1.0;1.0;1.0
0.0;P03361608;1.0;1.0;1.0
0.0;P02520594;1.0;1.0;1.0
0.0;LY0276049;0.0;1.0;1.0
0.0;ANG 15930,00;1.0;1.0;1.0
0.0;P04172796;1.0;1.0;1.0
1.0;P02937769;0.0;0.0;1.0
0.0;P06832699;1.0;1.0;1.0
0.0;P02938279;0.0;0.0;1.0
0.0;NOU033717;0.0;0.0;2.0
0.0;P04681817;0.0;0.0;1.0
0.0;SLA036469;1.0;1.0;1.0
0.0;P03210051;1.0;1.0;1.0
0.0;ANG 7255,00;1.0;1.0;1.0
0.0;P04285240;1.0;1.0;1.0
0.0;LY0287286;1.0;1.0;1.0
0.0;CLF 339229,0000;1.0;1.0;1.0
0.0;P04154499;1.0;1.0;1.0
0.0;LY0270614;1.0;1.0;1.0
0.0;P05094201;0.0;0.0;2.0
0.0;P05156893;0.0;0.0;2.0
0.0;ANG 5458,00;1.0;1.0;1.0
0.0;P04172781;1.0;1.0;1.0
0.0;P03076526;0.0;0.0;1.0
0.0;LY0289453;1.0;1.0;1.0
0.0;P03361291;1.0;1.0;1.0
0.0;P02939263;0.0;0.0;1.0
0.0;P05094292;0.0;0.0;1.0
0.0;P04167487;1.0;1.0;1.0
0.0;P05237391;0.0;0.0;1.0
0.0;P04903236;0.0;0.0;1.0
1.0;P04039690;0.0;0.0;1.0
0.0;P05291084;0.0;0.0;1.0
0.0;ANG 15482,00;1.0;1.0;1.0
0.0;P04148019;1.0;1.0;1.0
1.0;P02933720;0.0;0.0;1.0
0.0;MPU061674;1.0;1.0;1.0
0.0;P01902782;0.0;0.0;1.0
0.0;LY0288686;1.0;1.0;1.0
0.0;P05320999;0.0;0.0;1.0
0.0;ANG 7947,00;1.0;1.0;1.0
0.0;LY0188180;0.0;0.0;1.0
0.0;P03302909;1.0;1.0;1.0
0.0;P05237636;0.0;0.0;1.0
0.0;P05238594;0.0;0.0;1.0
0.0;CLF 257804,0000;1.0;1.0;1.0
0.0;P03010097;1.0;1.0;1.0
0.0;P03133753;1.0;1.0;1.0
0.0;P04146107;1.0;1.0;1.0
0.0;P05156606;0.0;0.0;1.0
0.0;P02947169;0.0;0.0;1.0
0.0;P02933798;0.0;0.0;1.0
0.0;P04159948;1.0;1.0;1.0
0.0;CLF 29787,0000;0.0;0.0;1.0
0.0;ANG 71622,00;1.0;1.0;1.0
0.0;CLF 257653,0000;1.0;1.0;1.0
0.0;P03030666;0.0;0.0;1.0
0.0;P06767928;1.0;1.0;1.0
0.0;P05156818;0.0;0.0;2.0
0.0;P03867176;0.0;0.0;1.0
0.0;P03993581;0.0;0.0;1.0
0.0;MPU1218615;1.0;1.0;1.0
0.0;CLF 239107,0000;1.0;1.0;1.0
0.0;P02937920;0.0;0.0;1.0
0.0;ANG 15531,00;1.0;1.0;1.0
0.0;P02938374;0.0;0.0;1.0
0.0;P04181288;1.0;1.0;1.0
0.0;P04682414;0.0;0.0;1.0
0.0;LY0214116;1.0;1.0;1.0
0.0;MPU430612;0.0;0.0;1.0
0.0;ANG 6961,00;1.0;1.0;1.0
0.0;ANG 71983,00;1.0;1.0;1.0
6.0;P02939922;0.0;0.0;1.0
0.0;P02566396;1.0;1.0;1.0
0.0;P03031481;0.0;0.0;1.0
1.0;P03031475;0.0;0.0;1.0
0.0;P03372815;0.0;1.0;1.0
0.0;P02938214;0.0;0.0;1.0
0.0;ANG 15284,00;1.0;1.0;1.0
0.0;LY0289676;1.0;1.0;1.0
0.0;P03362257;1.0;1.0;1.0
0.0;P05238945;0.0;0.0;1.0
0.0;P02937959;0.0;0.0;1.0
0.0;P05156591;0.0;0.0;1.0
1.0;P03866564;0.0;0.0;1.0
0.0;CLF 339033,0000;1.0;1.0;1.0
0.0;P02972154;1.0;1.0;1.0
0.0;SLA025773;1.0;1.0;1.0
0.0;P00641435;0.0;0.0;1.0
0.0;LY0286630;1.0;1.0;1.0
0.0;ANG 15003,00;1.0;1.0;1.0
0.0;TLON15491;1.0;1.0;1.0
0.0;P00904327;1.0;1.0;1.0
0.0;LY0214016;1.0;1.0;1.0
0.0;P02932396;0.0;0.0;1.0
0.0;P03363546;1.0;1.0;1.0
0.0;P04884736;0.0;0.0;1.0
0.0;P02579482;1.0;1.0;1.0
0.0;P05291088;0.0;0.0;1.0
0.0;P06793775;1.0;1.0;1.0
0.0;MHLCLF09462;0.0;1.0;1.0
1.0;P03866489;0.0;0.0;1.0
0.0;MPU1218277;1.0;1.0;1.0
0.0;P02750206;0.0;0.0;1.0
0.0;MPU1143321;1.0;1.0;1.0
0.0;P05260192;0.0;0.0;1.0
0.0;NCY0070328;1.0;1.0;1.0
0.0;LY0285054;1.0;1.0;1.0
0.0;P03023459;1.0;1.0;1.0
0.0;ANG 8037,00;1.0;1.0;1.0
0.0;LY0289939;1.0;1.0;1.0
0.0;P01902315;0.0;0.0;1.0
0.0;P03372151;1.0;1.0;1.0
0.0;ANG 29496,00;0.0;0.0;1.0
0.0;LY0275762;1.0;1.0;1.0
0.0;LY0286805;1.0;1.0;1.0
0.0;LY0271916;1.0;1.0;1.0
0.0;MPU1234656;0.0;0.0;1.0
0.0;P02939159;0.0;0.0;1.0
0.0;P04154221;1.0;1.0;1.0
0.0;P05229496;0.0;0.0;1.0
1.0;MPU384718;0.0;0.0;1.0
0.0;P02933494;0.0;0.0;1.0
0.0;P05157042;0.0;0.0;1.0
1.0;P04209144;0.0;2.0;1.0
0.0;LY0275765;1.0;1.0;1.0
0.0;ANG 15023,00;1.0;1.0;1.0
0.0;P04680817;0.0;0.0;1.0
0.0;CLF 168301,0000;1.0;1.0;1.0
0.0;P00543873;0.0;0.0;1.0
0.0;P04884879;0.0;0.0;1.0
0.0;LY0233206;0.0;0.0;1.0
0.0;P03327594;1.0;1.0;1.0
0.0;P00438147;0.0;0.0;1.0
0.0;P03009680;1.0;1.0;1.0
1.0;P03539937;0.0;0.0;1.0
0.0;ANG 15700,00;1.0;1.0;1.0
0.0;P00755345;1.0;1.0;1.0
0.0;P03350623;1.0;1.0;1.0
0.0;P04682430;0.0;0.0;1.0
0.0;CLF 168271,0000;1.0;1.0;1.0
0.0;P01817182;1.0;1.0;1.0
0.0;P02938178;0.0;0.0;1.0
0.0;ANG 5659,00;1.0;1.0;1.0
1.0;P02934192;0.0;0.0;1.0
1.0;P03560681;0.0;0.0;1.0
0.0;LMS09635;1.0;1.0;1.0
0.0;MPU1140568;1.0;1.0;1.0
0.0;P02938504;0.0;0.0;1.0
0.0;P05156649;0.0;0.0;1.0
0.0;P02780627;0.0;0.0;1.0
0.0;VTA003224;1.0;1.0;1.0
0.0;ANG 16137,00;1.0;1.0;1.0
0.0;P03341082;1.0;1.0;1.0
0.0;P00602576;0.0;0.0;1.0
0.0;P05257415;0.0;0.0;1.0
0.0;ANG 81803,00;1.0;1.0;1.0
0.0;P04146552;1.0;1.0;1.0
0.0;P00181310;0.0;1.0;2.0
0.0;P04169658;1.0;1.0;1.0
0.0;P04344648;1.0;1.0;1.0
0.0;P02550822;1.0;1.0;1.0
0.0;LY0214659;1.0;1.0;1.0
0.0;P03372922;1.0;1.0;1.0
0.0;P00181358;0.0;0.0;1.0
0.0;P05239235;0.0;0.0;1.0
1.0;P03539526;0.0;0.0;1.0
0.0;MPU458967;1.0;1.0;1.0
0.0;MPU1218124;1.0;1.0;1.0
0.0;LY0287261;1.0;1.0;1.0
0.0;ANG 5330,00;1.0;1.0;1.0
0.0;LY0214423;1.0;1.0;1.0
0.0;P04182790;1.0;1.0;1.0
0.0;MPU1218659;1.0;1.0;1.0
0.0;P03341238;1.0;1.0;1.0
0.0;ANG 5851,00;1.0;1.0;1.0
0.0;P03551861;0.0;0.0;1.0
0.0;P04154779;1.0;1.0;1.0
0.0;LY0286516;1.0;1.0;1.0
0.0;P02933569;0.0;0.0;1.0
0.0;MARS05228;0.0;0.0;1.0
0.0;ANG 5996,00;1.0;1.0;1.0
0.0;P02937882;0.0;0.0;1.0
0.0;P03010623;1.0;1.0;1.0
0.0;P04146460;1.0;1.0;1.0
0.0;P05094225;0.0;0.0;1.0
0.0;P03361436;1.0;1.0;1.0
0.0;P03373660;0.0;1.0;1.0
0.0;P04681523;0.0;0.0;1.0
0.0;P04341724;1.0;1.0;1.0
0.0;P03009728;1.0;1.0;1.0
0.0;P04145720;1.0;1.0;1.0
0.0;P05238201;0.0;0.0;1.0
0.0;P06786907;1.0;1.0;1.0
0.0;P03376523;1.0;1.0;1.0
0.0;P04153863;1.0;1.0;1.0
0.0;LY0210042;1.0;1.0;1.0
0.0;MPU202896;0.0;0.0;1.0
0.0;P04681818;0.0;0.0;1.0
0.0;LY0288748;1.0;1.0;1.0
0.0;P01140931;1.0;1.0;1.0
0.0;MPU1150755;1.0;1.0;1.0
0.0;P03010116;1.0;1.0;1.0
0.0;NCY0070188;1.0;1.0;1.0
0.0;P00260129;0.0;0.0;1.0
0.0;MPU274703;1.0;1.0;1.0
0.0;CLF 339349,0000;1.0;1.0;1.0
0.0;P04193756;1.0;1.0;1.0
0.0;ALF044006;0.0;1.0;2.0
0.0;CLF 156372,0000;1.0;1.0;1.0
0.0;P05237638;0.0;0.0;1.0
0.0;ANG 5828,00;1.0;1.0;1.0
0.0;CLF 330354,0000;1.0;1.0;1.0
0.0;P03327553;1.0;1.0;1.0
0.0;P02933646;0.0;0.0;1.0
0.0;P04146195;1.0;1.0;1.0
0.0;LY0285193;1.0;1.0;1.0
0.0;P00589327;0.0;0.0;2.0
0.0;LY0274876;1.0;1.0;1.0
0.0;CLF 181680,0000;1.0;1.0;1.0
0.0;P04146476;1.0;1.0;1.0
1.0;P03849571;0.0;0.0;1.0
0.0;P05209668;0.0;0.0;2.0
0.0;P03211118;1.0;1.0;1.0
0.0;P04153248;1.0;1.0;1.0
0.0;P02750448;0.0;0.0;1.0
0.0;P02493848;1.0;1.0;1.0
0.0;P02520986;0.0;1.0;1.0
0.0;P05229230;0.0;0.0;1.0
1.0;P04039247;0.0;0.0;2.0
0.0;P01902721;0.0;0.0;1.0
0.0;P04148243;1.0;1.0;1.0
0.0;P02761392;0.0;0.0;1.0
0.0;P05239357;0.0;0.0;1.0
0.0;P04934296;1.0;1.0;1.0
0.0;P05291016;0.0;0.0;1.0
0.0;P02742330;0.0;0.0;1.0
0.0;P02937917;0.0;0.0;1.0
0.0;P05237464;0.0;0.0;1.0
0.0;P05258165;0.0;0.0;1.0
0.0;P04172614;1.0;1.0;1.0
0.0;MPU212761;0.0;0.0;1.0
0.0;P03031680;0.0;2.0;1.0
0.0;P04345004;1.0;1.0;1.0
0.0;ANG 15321,00;1.0;1.0;1.0
0.0;P05131504;0.0;0.0;1.0
0.0;CHE 46847,00;1.0;1.0;1.0
0.0;P05321430;0.0;0.0;1.0
0.0;P04153232;1.0;1.0;1.0
1.0;P02933149;0.0;0.0;1.0
0.0;ALF044610;1.0;1.0;1.0
1.0;P03560019;0.0;0.0;1.0
0.0;P03010692;1.0;1.0;1.0
0.0;LY0286891;1.0;1.0;1.0
0.0;MPU1188068;0.0;0.0;1.0
0.0;P02521346;1.0;1.0;1.0
0.0;P04884716;0.0;0.0;2.0
0.0;TL0019217;0.0;0.0;1.0
0.0;P06670067;0.0;0.0;2.0
0.0;P04884737;0.0;0.0;1.0
0.0;P02520684;1.0;1.0;1.0
0.0;P05229518;0.0;0.0;2.0
1.0;P02763619;0.0;0.0;1.0
0.0;P03559405;1.0;1.0;1.0
0.0;P05291056;0.0;0.0;1.0
0.0;LY0289150;1.0;1.0;1.0
0.0;P00755348;1.0;1.0;1.0
0.0;LY0698703;1.0;1.0;1.0
0.0;P05121915;0.0;0.0;1.0
0.0;P05239140;0.0;0.0;1.0
0.0;P04182374;1.0;1.0;1.0
0.0;LY0233960;0.0;0.0;1.0
0.0;P03210074;1.0;1.0;1.0
1.0;P03550194;0.0;6.0;6.0
0.0;P03327895;1.0;1.0;1.0
0.0;LY0232975;0.0;0.0;1.0
0.0;P04194771;1.0;1.0;1.0
0.0;ANG 7462,00;1.0;1.0;1.0
0.0;P03010379;1.0;1.0;1.0
0.0;P06793379;1.0;1.0;1.0
0.0;ANG 8332,00;1.0;1.0;1.0
0.0;P03338075;1.0;6.0;6.0
0.0;P02932425;0.0;2.0;1.0
0.0;P02933733;0.0;0.0;1.0
0.0;P03362247;1.0;1.0;1.0
0.0;P04194442;1.0;1.0;1.0
0.0;CLF 314239,0000;1.0;1.0;1.0
0.0;P02520668;1.0;1.0;1.0
0.0;P03562350;0.0;2.0;1.0
0.0;P03337233;1.0;1.0;1.0
0.0;P02932457;0.0;0.0;1.0
0.0;P03362244;1.0;1.0;1.0
0.0;P02742878;0.0;0.0;1.0
0.0;P03031508;0.0;0.0;1.0
0.0;P03363709;1.0;1.0;1.0
0.0;MPU553583;1.0;1.0;1.0
0.0;P02939017;0.0;0.0;0.0
0.0;P04159947;1.0;1.0;1.0
0.0;CHE 46081,00;1.0;1.0;1.0
0.0;ANG 7656,00;1.0;1.0;1.0
0.0;P04170375;1.0;1.0;1.0
0.0;LY0287024;1.0;1.0;1.0
0.0;LY0285399;1.0;1.0;1.0
0.0;P03135772;1.0;1.0;1.0
1.0;P03550523;0.0;0.0;1.0
0.0;P05321781;0.0;0.0;1.0
0.0;LY0287055;1.0;1.0;1.0
0.0;NOU004812;0.0;2.0;1.0
1.0;P03866816;0.0;2.0;1.0
0.0;P01902730;0.0;0.0;1.0
0.0;P03363354;1.0;1.0;1.0
0.0;P03145858;0.0;1.0;2.0
0.0;P02935437;0.0;0.0;1.0
0.0;P03362219;1.0;1.0;1.0
0.0;P02521115;1.0;1.0;1.0
0.0;P04145606;1.0;1.0;1.0
0.0;P02780641;0.0;0.0;1.0
0.0;P04193096;1.0;1.0;1.0
0.0;P00798879;0.0;0.0;1.0
0.0;P04885235;0.0;0.0;2.0
0.0;P04181197;1.0;1.0;1.0
0.0;P04827814;0.0;0.0;1.0
0.0;P03265535;1.0;1.0;1.0
0.0;P03342326;1.0;1.0;1.0
0.0;P05229068;0.0;0.0;1.0
0.0;CLF 156857,0000;1.0;1.0;1.0
0.0;P03264998;1.0;1.0;1.0
1.0;P03537863;0.0;0.0;1.0
0.0;LY0761422;1.0;1.0;1.0
0.0;P06832810;1.0;1.0;1.0
0.0;LY0288985;1.0;1.0;1.0
0.0;P04150045;1.0;1.0;1.0
0.0;LY0214381;1.0;1.0;1.0
0.0;P04885251;0.0;0.0;2.0
0.0;MPU695884;1.0;1.0;1.0
1.0;P00090932;0.0;0.0;1.0
0.0;P05229924;0.0;0.0;1.0
0.0;P04885376;0.0;0.0;1.0
0.0;ANG 71659,00;1.0;1.0;1.0
0.0;NCY0070208;1.0;1.0;1.0
0.0;P04064045;1.0;1.0;1.0
0.0;P03375130;1.0;1.0;2.0
0.0;P04340334;1.0;1.0;1.0
0.0;P04146053;1.0;1.0;1.0
0.0;P04194907;1.0;1.0;1.0
0.0;P03361644;1.0;1.0;1.0
0.0;P04340328;1.0;1.0;1.0
0.0;P04324214;1.0;1.0;1.0
0.0;P05291007;0.0;0.0;2.0
0.0;P03028684;0.0;0.0;1.0
0.0;NCY015450;1.0;1.0;1.0
1.0;P02948355;0.0;0.0;1.0
1.0;P03849218;0.0;2.0;1.0
0.0;P05229025;0.0;0.0;1.0
0.0;P05238740;0.0;0.0;1.0
0.0;P04145347;1.0;1.0;1.0
0.0;P04182157;1.0;1.0;1.0
0.0;P03076960;0.0;0.0;1.0
0.0;P05237678;0.0;0.0;1.0
0.0;CLF 330253,0000;1.0;1.0;1.0
1.0;P02939042;0.0;0.0;1.0
0.0;P05238985;0.0;0.0;1.0
0.0;P02761568;0.0;0.0;1.0
0.0;P04327719;1.0;1.0;1.0
0.0;P04153567;1.0;1.0;1.0
1.0;P02934018;0.0;0.0;1.0
0.0;ANG 6693,00;1.0;1.0;1.0
0.0;LY0210074;1.0;1.0;1.0
0.0;NOU050330;0.0;2.0;1.0
0.0;P03303523;1.0;1.0;1.0
0.0;P03327827;1.0;1.0;1.0
0.0;P04153980;1.0;1.0;1.0
0.0;P03336617;1.0;2.0;2.0
0.0;LY0214770;1.0;1.0;1.0
0.0;P00849067;0.0;0.0;1.0
0.0;P03031111;0.0;0.0;1.0
0.0;BESA011800;1.0;1.0;1.0
0.0;P06786754;1.0;1.0;1.0
0.0;CLF 167210,0000;1.0;1.0;1.0
1.0;P02938979;0.0;0.0;1.0
0.0;MPU1220286;1.0;1.0;1.0
0.0;P00077863;0.0;0.0;2.0
0.0;P03264699;1.0;1.0;1.0
0.0;NCY0072097;1.0;1.0;1.0
1.0;P02948357;0.0;0.0;1.0
0.0;P05321765;0.0;0.0;1.0
0.0;P04148497;1.0;1.0;1.0
0.0;P06792094;1.0;1.0;1.0
0.0;P02939752;0.0;0.0;1.0
0.0;P04680676;0.0;0.0;1.0
0.0;LY0270496;1.0;1.0;1.0
0.0;LY0276038;1.0;1.0;1.0
0.0;MPU108630;1.0;1.0;1.0
0.0;P03210119;1.0;1.0;1.0
0.0;LY0214700;1.0;1.0;2.0
0.0;NCY014250;1.0;1.0;1.0
0.0;LY0289517;1.0;1.0;1.0
0.0;P02764418;0.0;0.0;1.0
1.0;P03865679;0.0;0.0;1.0
0.0;P03337326;1.0;1.0;2.0
0.0;P05322135;0.0;0.0;1.0
0.0;P01817196;1.0;1.0;1.0
1.0;P02934151;0.0;0.0;1.0
0.0;P03028626;0.0;0.0;1.0
0.0;VTA068526;0.0;0.0;1.0
0.0;MPU1216215;1.0;1.0;1.0
1.0;P03866958;0.0;2.0;1.0
0.0;P03134627;1.0;1.0;1.0
0.0;P05229426;0.0;0.0;1.0
0.0;P03362132;1.0;1.0;1.0
0.0;P02493432;0.0;1.0;1.0
0.0;P06832795;1.0;1.0;1.0
0.0;ANG 8071,00;1.0;1.0;1.0
0.0;P04325750;1.0;1.0;1.0
0.0;P05229062;0.0;0.0;1.0
0.0;CLF 213551,0000;1.0;1.0;1.0
0.0;P04169697;1.0;1.0;1.0
0.0;P06787864;1.0;1.0;1.0
0.0;P04202764;1.0;1.0;1.0
0.0;P03210052;1.0;1.0;1.0
0.0;ANG 70399,00;1.0;1.0;1.0
0.0;ANG 15035,00;1.0;1.0;1.0
0.0;P05094001;0.0;0.0;1.0
0.0;P04170949;1.0;1.0;1.0
1.0;P03076527;0.0;0.0;1.0
0.0;P06832045;1.0;1.0;1.0
0.0;P01902764;0.0;0.0;1.0
0.0;P03264018;1.0;1.0;1.0
0.0;P03303121;1.0;1.0;1.0
0.0;LY0287403;1.0;1.0;1.0
0.0;P00118076;0.0;0.0;1.0
0.0;MHLCLF08582;1.0;1.0;1.0
0.0;ANG 15667,00;1.0;1.0;1.0
0.0;LY0234410;0.0;0.0;1.0
0.0;P03338018;1.0;2.0;1.0
0.0;LY0287087;1.0;1.0;1.0
0.0;P05229921;0.0;0.0;1.0
0.0;P03544466;0.0;0.0;1.0
1.0;P03538548;0.0;0.0;1.0
0.0;P03363712;1.0;1.0;1.0
0.0;P04362736;1.0;1.0;1.0
0.0;ANG 6690,00;1.0;1.0;1.0
0.0;LY0273151;1.0;1.0;1.0
1.0;P02932494;0.0;0.0;1.0
0.0;SLA022177;1.0;1.0;1.0
0.0;ANG 5486,00;1.0;1.0;1.0
0.0;P03010570;1.0;1.0;1.0
0.0;P03009986;1.0;1.0;1.0
0.0;P02939869;0.0;0.0;1.0
0.0;LY0285216;1.0;1.0;1.0
0.0;P04776746;0.0;0.0;1.0
0.0;MPU1272981;0.0;0.0;1.0
0.0;P05291293;0.0;0.0;1.0
0.0;LY0287499;1.0;1.0;1.0
0.0;P05094221;0.0;0.0;1.0
0.0;P01060214;1.0;1.0;1.0
0.0;P00784211;0.0;0.0;1.0
0.0;P06767842;1.0;1.0;1.0
0.0;P03080331;0.0;0.0;1.0
1.0;P03544853;0.0;0.0;1.0
0.0;P05229067;0.0;0.0;1.0
1.0;P04039252;0.0;0.0;1.0
0.0;ALF044014;1.0;1.0;1.0
0.0;P04884633;0.0;0.0;1.0
0.0;P02550681;1.0;1.0;1.0
0.0;P04154532;1.0;1.0;1.0
0.0;P00847520;1.0;1.0;1.0
0.0;LY0274999;1.0;1.0;1.0
0.0;P02937998;0.0;0.0;1.0
0.0;CHE 46257,00;1.0;1.0;1.0
0.0;SLA050233;1.0;1.0;1.0
0.0;P05121836;0.0;0.0;1.0
0.0;P02938354;0.0;0.0;1.0
0.0;P04194099;1.0;1.0;1.0
0.0;LY0286598;1.0;1.0;1.0
0.0;P04193090;1.0;1.0;1.0
0.0;P05156565;0.0;0.0;2.0
0.0;P05094180;0.0;0.0;2.0
0.0;CLF 213457,0000;1.0;1.0;1.0
0.0;P05259013;0.0;0.0;1.0
1.0;MPU839253;0.0;0.0;1.0
1.0;P02937847;0.0;0.0;1.0
0.0;P04181168;1.0;1.0;1.0
0.0;LMS09650;1.0;1.0;1.0
0.0;LYJB056750;1.0;1.0;1.0
0.0;ANG 15997,00;1.0;1.0;1.0
0.0;P03010660;1.0;1.0;1.0
0.0;P03015850;1.0;1.0;1.0
0.0;P02938688;0.0;0.0;1.0
0.0;P05156835;0.0;0.0;1.0
0.0;SLA035742;1.0;1.0;1.0
0.0;SLA050218;1.0;1.0;1.0
0.0;P02973268;1.0;1.0;1.0
0.0;LY0698996;1.0;1.0;1.0
0.0;P06832454;1.0;1.0;1.0
0.0;MPU452884;1.0;1.0;1.0
0.0;P05234736;0.0;0.0;1.0
0.0;P03031096;0.0;0.0;1.0
1.0;P02932369;0.0;2.0;1.0
0.0;P05257699;0.0;0.0;1.0
0.0;SLA035581;1.0;1.0;1.0
0.0;CLF 330265,0000;1.0;1.0;1.0
0.0;P00118066;0.0;0.0;1.0
0.0;P03327589;1.0;1.0;1.0
0.0;LY0270229;1.0;1.0;1.0
0.0;LY0286442;1.0;1.0;1.0
0.0;MPU325974;1.0;1.0;1.0
0.0;P05318725;0.0;0.0;1.0
0.0;P04145832;1.0;1.0;1.0
0.0;P04145778;1.0;1.0;1.0
0.0;ANG 81775,00;1.0;1.0;1.0
0.0;P02939174;0.0;0.0;1.0
0.0;P03211401;1.0;1.0;1.0
0.0;P04182196;1.0;1.0;1.0
0.0;NCY0069352;1.0;1.0;1.0
0.0;P04327713;1.0;1.0;1.0
0.0;P04682246;0.0;0.0;1.0
0.0;P00531286;0.0;0.0;1.0
0.0;LY0273279;0.0;1.0;2.0
0.0;P04363404;1.0;1.0;1.0
0.0;ANG 6433,00;1.0;1.0;1.0
0.0;P04150057;1.0;1.0;1.0
0.0;P02493362;1.0;1.0;1.0
0.0;P01902625;0.0;0.0;1.0
0.0;ANG 15386,00;1.0;1.0;1.0
0.0;MPU415814;1.0;1.0;1.0
0.0;CHE 46461,00;1.0;1.0;1.0
0.0;NCY015249;1.0;1.0;1.0
0.0;P04194437;1.0;1.0;1.0
0.0;CLF 156638,0000;1.0;1.0;1.0
0.0;P03361653;1.0;1.0;1.0
1.0;P02935352;0.0;0.0;1.0
0.0;P04777062;0.0;0.0;1.0
0.0;LY0275645;1.0;1.0;1.0
0.0;P04148366;1.0;1.0;1.0
0.0;P03539551;0.0;0.0;1.0
0.0;P05209417;0.0;0.0;1.0
0.0;P06793461;1.0;1.0;1.0
0.0;P00693225;0.0;0.0;1.0
0.0;P02937845;0.0;0.0;1.0
0.0;P04340150;1.0;1.0;1.0
0.0;CLF 339628,0000;1.0;1.0;1.0
0.0;P03211389;1.0;1.0;1.0
0.0;P05237843;0.0;0.0;1.0
0.0;P03132995;1.0;1.0;1.0
0.0;P00402717;0.0;0.0;1.0
0.0;P02939923;0.0;0.0;1.0
0.0;P05229495;0.0;0.0;1.0
0.0;P05238977;0.0;0.0;1.0
1.0;P04066521;0.0;0.0;1.0
0.0;P03341254;0.0;1.0;1.0
0.0;P04039925;0.0;0.0;2.0
0.0;P04327716;1.0;1.0;1.0
0.0;P00849617;0.0;0.0;1.0
0.0;ANG 15746,00;1.0;1.0;1.0
0.0;CHE 46983,00;1.0;1.0;1.0
0.0;P03361922;1.0;1.0;1.0
1.0;P02935367;0.0;0.0;1.0
0.0;P04462425;1.0;1.0;1.0
0.0;NOU054957;0.0;0.0;1.0
0.0;LY0286480;1.0;1.0;1.0
0.0;NCY0042623;1.0;1.0;1.0
0.0;ANG 15384,00;1.0;1.0;1.0
1.0;P03538226;0.0;0.0;1.0
0.0;ANG 16046,00;1.0;1.0;1.0
0.0;LY0272415;1.0;1.0;1.0
0.0;P05257603;0.0;0.0;2.0
0.0;MPU1141330;1.0;1.0;1.0
0.0;P03341231;0.0;1.0;1.0
1.0;P02761367;0.0;0.0;1.0
0.0;ANG 15263,00;1.0;1.0;1.0
0.0;P05321397;0.0;0.0;1.0
0.0;P02938938;0.0;0.0;1.0
0.0;P03361962;1.0;1.0;1.0
0.0;P04155901;1.0;1.0;1.0
0.0;P05229087;0.0;0.0;1.0
0.0;P00181309;0.0;0.0;1.0
0.0;P04148671;1.0;1.0;1.0
0.0;P05156572;0.0;0.0;2.0
0.0;P04352869;1.0;1.0;1.0
0.0;P01817131;1.0;1.0;1.0
0.0;P03242523;1.0;1.0;1.0
0.0;P03267294;1.0;1.0;1.0
0.0;P06767862;1.0;1.0;1.0
1.0;P02939706;0.0;0.0;1.0
0.0;P05229205;0.0;0.0;1.0
0.0;SLA036805;1.0;1.0;1.0
0.0;LY0275035;1.0;1.0;1.0
0.0;P05260721;0.0;0.0;1.0
0.0;LY0285443;1.0;1.0;1.0
0.0;NOU036516;1.0;1.0;1.0
0.0;LY0288279;0.0;1.0;1.0
0.0;LY0234322;0.0;0.0;1.0
0.0;MPU459445;1.0;1.0;1.0
0.0;P01902245;0.0;0.0;1.0
0.0;P05258572;0.0;0.0;1.0
0.0;P04181685;1.0;1.0;1.0
0.0;P03327970;1.0;1.0;1.0
0.0;LY0286976;1.0;1.0;1.0
0.0;LY0271434;1.0;1.0;1.0
0.0;P0009585;0.0;0.0;1.0
0.0;P02948336;0.0;0.0;1.0
0.0;P00085915;0.0;0.0;1.0
0.0;P04166920;1.0;1.0;1.0
0.0;P02742851;0.0;0.0;1.0
0.0;P05237819;0.0;0.0;2.0
0.0;MPU1215550;1.0;1.0;1.0
0.0;CHE 44132,00;1.0;1.0;1.0
0.0;P02761449;0.0;0.0;1.0
0.0;P02999883;1.0;1.0;1.0
1.0;P03878994;0.0;0.0;2.0
0.0;P03340901;1.0;1.0;1.0
1.0;P02935802;0.0;0.0;1.0
0.0;P03023428;1.0;1.0;1.0
0.0;ANG 8251,00;1.0;1.0;1.0
0.0;MPU515566;1.0;1.0;1.0
0.0;P00805964;0.0;0.0;1.0
0.0;P01071185;0.0;0.0;1.0
0.0;P05209695;0.0;0.0;1.0
0.0;P05258145;0.0;0.0;1.0
0.0;P03373018;1.0;1.0;1.0
0.0;P02938072;0.0;2.0;1.0
0.0;LY0272250;1.0;1.0;1.0
0.0;P01140723;0.0;0.0;1.0
1.0;P02934158;0.0;0.0;1.0
0.0;P03879465;0.0;0.0;0.0
0.0;P04194411;1.0;1.0;1.0
0.0;P04193107;1.0;1.0;1.0
1.0;ANG 83147,00;0.0;0.0;1.0
0.0;P05121827;0.0;0.0;2.0
0.0;P02948342;0.0;0.0;1.0
0.0;ANG 5673,00;1.0;1.0;1.0
0.0;P03135167;1.0;1.0;1.0
0.0;NCY0069050;1.0;1.0;1.0
0.0;P05538919;1.0;1.0;1.0
0.0;P05237832;0.0;0.0;2.0
0.0;P03023221;1.0;1.0;1.0
0.0;P05229627;0.0;0.0;2.0
0.0;P02937912;0.0;0.0;1.0
1.0;P03031510;0.0;0.0;1.0
0.0;ANG 15692,00;1.0;1.0;1.0
0.0;P05237938;0.0;0.0;1.0
0.0;ANG 16071,00;1.0;1.0;1.0
0.0;P04153562;1.0;1.0;1.0
0.0;P01902695;0.0;0.0;1.0
0.0;P03265364;1.0;1.0;1.0
0.0;LY0289202;1.0;1.0;1.0
0.0;P03133166;1.0;1.0;1.0
0.0;P03373511;1.0;1.0;1.0
0.0;P03305134;1.0;1.0;1.0
0.0;ANG 16057,00;1.0;1.0;1.0
0.0;P04148435;1.0;1.0;1.0
0.0;P00872663;1.0;1.0;1.0
0.0;P01064692;0.0;0.0;1.0
0.0;LY0289404;1.0;1.0;1.0
0.0;P02933721;0.0;0.0;1.0
0.0;ANG 6212,00;1.0;1.0;1.0
0.0;P05238018;0.0;0.0;1.0
0.0;P05238717;0.0;0.0;2.0
0.0;P05321403;0.0;0.0;1.0
0.0;P04884684;0.0;0.0;1.0
0.0;P00897377;1.0;1.0;1.0
0.0;P00364645;0.0;0.0;1.0
0.0;LY0271446;1.0;1.0;1.0
0.0;P04148074;1.0;1.0;1.0
0.0;MJSD023263;1.0;1.0;1.0
0.0;ANG 71608,00;1.0;1.0;1.0
0.0;P03327566;1.0;1.0;1.0
0.0;P04155235;1.0;1.0;1.0
0.0;P05257476;0.0;0.0;1.0
0.0;P05237567;0.0;0.0;1.0
0.0;P02938491;0.0;0.0;1.0
0.0;ANG 7830,00;1.0;1.0;1.0
0.0;P01000518;1.0;1.0;1.0
0.0;P03361667;1.0;1.0;1.0
0.0;P05238024;0.0;0.0;1.0
0.0;CHE 35851,00;1.0;1.0;1.0
0.0;P04202788;1.0;1.0;1.0
0.0;P05239147;0.0;0.0;1.0
0.0;LY0285811;1.0;1.0;1.0
0.0;P04146184;1.0;1.0;1.0
0.0;ANG 15754,00;1.0;1.0;1.0
0.0;ANG 15279,00;1.0;1.0;1.0
0.0;P05237380;0.0;0.0;1.0
0.0;P04658874;0.0;0.0;1.0
0.0;LY0210249;1.0;1.0;1.0
1.0;P02935843;0.0;0.0;1.0
0.0;P01817124;1.0;1.0;1.0
0.0;P03305136;1.0;1.0;1.0
0.0;P01036650;1.0;1.0;1.0
0.0;P01902574;0.0;0.0;1.0
0.0;P02651838;1.0;1.0;1.0
0.0;VIL021041;1.0;1.0;1.0
0.0;P03544462;0.0;0.0;1.0
1.0;P02939847;0.0;0.0;1.0
0.0;P04148690;1.0;1.0;1.0
0.0;NCY0070008;1.0;1.0;1.0
0.0;P04352877;1.0;1.0;1.0
0.0;P04341765;1.0;1.0;1.0
0.0;P04152735;1.0;1.0;1.0
1.0;P02934180;0.0;0.0;1.0
0.0;MPU523262;1.0;1.0;1.0
0.0;P06794342;1.0;1.0;1.0
0.0;P03539523;0.0;0.0;1.0
0.0;CHE 35747,00;1.0;1.0;1.0
0.0;CLF 239733,0000;1.0;1.0;1.0
0.0;P04151583;1.0;1.0;1.0
0.0;LY0287802;1.0;1.0;1.0
0.0;P05229964;0.0;0.0;1.0
0.0;P05229570;0.0;0.0;2.0
0.0;CHE 35662,00;1.0;1.0;1.0
1.0;P02946898;0.0;0.0;1.0
0.0;CLF 314109,0000;1.0;1.0;1.0
0.0;P04776181;0.0;0.0;1.0
0.0;P02932401;0.0;0.0;1.0
0.0;P04148732;1.0;1.0;1.0
0.0;P02493388;1.0;1.0;1.0
0.0;P05257639;0.0;0.0;1.0
0.0;P03327835;1.0;1.0;1.0
0.0;SLA050242;1.0;1.0;1.0
0.0;NCY0072145;1.0;1.0;1.0
0.0;CLF 327838,0000;1.0;1.0;1.0
0.0;P04680851;0.0;0.0;1.0
0.0;P04146463;1.0;1.0;1.0
0.0;P03143870;1.0;1.0;1.0
0.0;P06786719;1.0;1.0;1.0
0.0;MPU695916;1.0;1.0;1.0
0.0;CLF 37240,0000;0.0;0.0;1.0
0.0;P05209689;0.0;0.0;1.0
0.0;LY0285824;1.0;1.0;1.0
0.0;P05094254;0.0;0.0;1.0
0.0;CLF 238684,0000;1.0;1.0;1.0
0.0;P03023936;1.0;1.0;1.0
0.0;CLF 229757,0000;1.0;1.0;1.0
0.0;P02938099;0.0;0.0;1.0
0.0;P05321408;0.0;0.0;1.0
1.0;NCY0074221;0.0;0.0;1.0
0.0;CHE 46192,00;1.0;1.0;1.0
0.0;LY0289664;1.0;1.0;1.0
0.0;P03135713;1.0;1.0;1.0
1.0;P00800978;0.0;0.0;1.0
0.0;P04148235;1.0;1.0;1.0
1.0;P03560334;0.0;0.0;1.0
0.0;P03134539;1.0;1.0;1.0
0.0;MPU1291134;0.0;0.0;2.0
0.0;P05238466;0.0;0.0;0.0
0.0;P01738375;0.0;2.0;1.0
0.0;P04153670;1.0;1.0;1.0
0.0;CLF 239078,0000;1.0;1.0;1.0
0.0;CHE 44710,00;1.0;1.0;1.0
0.0;NOU072831;0.0;0.0;1.0
0.0;P04681782;0.0;0.0;1.0
0.0;P03031756;0.0;2.0;1.0
1.0;P04066447;0.0;2.0;1.0
0.0;P03341121;1.0;1.0;1.0
0.0;P03031081;0.0;0.0;1.0
1.0;P02763979;0.0;0.0;1.0
0.0;CHE 47171,00;1.0;1.0;1.0
0.0;CLF 169369,0000;1.0;1.0;1.0
0.0;P00846827;1.0;1.0;1.0
0.0;LY0288305;1.0;1.0;1.0
0.0;P05234672;0.0;0.0;1.0
0.0;P06793475;1.0;1.0;1.0
1.0;P03550516;0.0;0.0;1.0
0.0;P05291066;0.0;0.0;1.0
0.0;P02937677;0.0;0.0;1.0
0.0;P00904319;1.0;1.0;1.0
0.0;P05208439;0.0;0.0;1.0
0.0;TL0017443;0.0;0.0;1.0
0.0;P06136933;1.0;1.0;1.0
1.0;P0009176;0.0;2.0;1.0
0.0;P05233482;0.0;0.0;1.0
0.0;P03211167;1.0;1.0;1.0
0.0;MPU459511;1.0;1.0;1.0
0.0;P05094480;0.0;0.0;1.0
0.0;LY0271088;1.0;1.0;1.0
0.0;P05258978;0.0;0.0;1.0
0.0;P05094086;0.0;0.0;1.0
0.0;P05257492;0.0;0.0;1.0
0.0;P03373113;1.0;1.0;1.0
0.0;P03336558;1.0;1.0;1.0
1.0;CBPF08298;0.0;0.0;1.0
0.0;NCY0070082;0.0;1.0;1.0
0.0;P04148306;1.0;1.0;1.0
0.0;P04884671;0.0;0.0;1.0
0.0;LY0234488;0.0;0.0;1.0
0.0;P04445716;0.0;1.0;1.0
1.0;P04399841;0.0;0.0;1.0
0.0;P01060261;1.0;1.0;1.0
0.0;P04181446;1.0;1.0;1.0
0.0;P02934152;0.0;0.0;1.0
0.0;MPU176400;1.0;1.0;1.0
0.0;ANG 82196,00;1.0;1.0;1.0
0.0;P04154798;1.0;1.0;1.0
0.0;P03355878;1.0;1.0;1.0
0.0;P00500638;0.0;0.0;1.0
0.0;P05094268;0.0;0.0;1.0
0.0;LY0214731;1.0;1.0;1.0
0.0;P03355876;1.0;1.0;1.0
0.0;P03133822;1.0;1.0;1.0
0.0;P03211075;1.0;1.0;1.0
0.0;P03375342;0.0;1.0;1.0
0.0;MPU1145776;1.0;1.0;1.0
0.0;MPU581485;1.0;1.0;1.0
0.0;LY0275878;1.0;1.0;1.0
1.0;P02939914;0.0;0.0;1.0
0.0;P00849627;0.0;0.0;2.0
0.0;LY0287683;1.0;1.0;1.0
0.0;P03562411;0.0;0.0;1.0
0.0;P02550873;1.0;1.0;1.0
1.0;P02938889;0.0;0.0;1.0
0.0;P03361270;1.0;1.0;1.0
0.0;P04170236;1.0;1.0;1.0
0.0;P04146850;1.0;1.0;1.0
0.0;P05229533;0.0;0.0;1.0
0.0;CLF 238679,0000;1.0;1.0;1.0
0.0;P04827851;0.0;0.0;1.0
0.0;P05257682;0.0;0.0;1.0
0.0;P04154172;1.0;1.0;1.0
;P04066423;-1.0;-1.0;-1.0
0.0;P05257702;0.0;0.0;1.0
0.0;P00608744;0.0;0.0;1.0
0.0;P04148420;1.0;1.0;1.0
0.0;P03010198;1.0;1.0;1.0
0.0;LY0287541;1.0;1.0;1.0
0.0;MPU1217948;1.0;1.0;1.0
0.0;P04777110;0.0;0.0;1.0
1.0;P04066908;0.0;0.0;2.0
0.0;P05238743;0.0;0.0;1.0
0.0;P05130983;0.0;0.0;1.0
1.0;MPU485140;1.0;1.0;1.0
1.0;P02938538;0.0;0.0;1.0
0.0;P05260248;0.0;0.0;0.0
0.0;P05203780;0.0;0.0;1.0
1.0;P02938553;0.0;0.0;1.0
0.0;P00088003;0.0;0.0;1.0
0.0;LY0698725;1.0;1.0;1.0
0.0;P06832410;1.0;1.0;1.0
0.0;P05238654;0.0;0.0;1.0
0.0;P04152509;1.0;1.0;1.0
0.0;P00085903;0.0;0.0;1.0
0.0;CLF 216467,0000;1.0;1.0;1.0
0.0;P05322249;0.0;0.0;1.0
1.0;P03538544;0.0;0.0;1.0
1.0;TL0019195;0.0;0.0;1.0
0.0;P04153824;1.0;1.0;1.0
0.0;P03023949;1.0;1.0;1.0
0.0;P06670040;0.0;0.0;1.0
1.0;P04203659;0.0;1.0;1.0
0.0;P04167534;1.0;1.0;1.0
0.0;P02938092;0.0;0.0;1.0
0.0;LY0214606;1.0;1.0;1.0
0.0;LY0214003;1.0;1.0;1.0
0.0;P05094235;0.0;0.0;1.0
0.0;P04885240;0.0;0.0;1.0
0.0;NOU031584;0.0;0.0;2.0
0.0;LMS06362;1.0;1.0;1.0
0.0;P04461494;1.0;1.0;1.0
0.0;P05229475;0.0;0.0;1.0
0.0;P02937763;0.0;0.0;1.0
1.0;P03879703;0.0;0.0;1.0
0.0;P04154583;1.0;1.0;1.0
0.0;P04146361;1.0;1.0;1.0
0.0;P04148189;1.0;1.0;1.0
0.0;CHE 47016,00;1.0;1.0;1.0
0.0;NCY0068859;1.0;1.0;1.0
0.0;P05291123;0.0;0.0;1.0
0.0;NCY0070432;1.0;1.0;1.0
0.0;NOU031557;0.0;0.0;1.0
0.0;P05121243;0.0;0.0;1.0
1.0;P02934323;0.0;0.0;1.0
0.0;P03028716;0.0;0.0;1.0
1.0;P02780637;0.0;0.0;1.0
0.0;CLF 181727,0000;1.0;1.0;1.0
0.0;P04146507;1.0;1.0;1.0
0.0;LY0287849;1.0;1.0;1.0
0.0;P03372149;1.0;1.0;1.0
0.0;P05237468;0.0;0.0;1.0
0.0;P05291306;0.0;0.0;1.0
0.0;P03241938;1.0;1.0;1.0
0.0;P04154949;1.0;1.0;1.0
0.0;P03361282;1.0;1.0;1.0
0.0;P02933738;0.0;0.0;1.0
0.0;CLF 362413,0000;1.0;1.0;1.0
1.0;P03028675;0.0;0.0;1.0
0.0;P02521296;1.0;1.0;1.0
0.0;P00462970;0.0;0.0;1.0
0.0;P00181313;0.0;2.0;2.0
0.0;MPU983030;0.0;0.0;1.0
0.0;P02521123;1.0;1.0;1.0
0.0;P05094310;0.0;0.0;1.0
0.0;LY0698862;1.0;1.0;1.0
0.0;P04658901;0.0;0.0;1.0
0.0;CLF 168502,0000;1.0;1.0;1.0
0.0;LY0288086;1.0;1.0;1.0
0.0;P03023915;1.0;1.0;1.0
0.0;P02932290;0.0;2.0;1.0
0.0;CLF 167169,0000;1.0;1.0;1.0
0.0;LY0213809;1.0;1.0;1.0
1.0;P00608897;0.0;0.0;2.0
0.0;MPU274674;1.0;1.0;1.0
0.0;P04181138;1.0;1.0;1.0
0.0;LY0287817;1.0;1.0;1.0
0.0;P06668419;0.0;0.0;1.0
0.0;P05229427;0.0;0.0;1.0
0.0;MPU485190;1.0;1.0;1.0
0.0;P05229459;0.0;0.0;1.0
0.0;MPU1356992;0.0;0.0;1.0
0.0;TL0018000;0.0;0.0;1.0
0.0;LY0210104;1.0;1.0;1.0
0.0;P01902648;0.0;0.0;1.0
0.0;P05321014;0.0;0.0;1.0
0.0;P03009818;1.0;1.0;1.0
0.0;MPU037390;1.0;1.0;1.0
1.0;P03546161;0.0;0.0;1.0
0.0;P05156666;0.0;0.0;1.0
0.0;P05229503;0.0;0.0;1.0
0.0;P05260337;0.0;0.0;1.0
0.0;NOU073461;0.0;0.0;1.0
0.0;P04681779;0.0;0.0;2.0
0.0;P03303959;1.0;1.0;1.0
0.0;LY0274900;1.0;1.0;1.0
0.0;P04344645;1.0;1.0;1.0
0.0;MJSD022534;1.0;1.0;1.0
0.0;P05131497;0.0;0.0;1.0
0.0;P02741661;0.0;0.0;1.0
0.0;P02948290;0.0;0.0;1.0
0.0;P03211150;1.0;1.0;1.0
1.0;P00761844;0.0;0.0;1.0
0.0;CHE 44395,00;1.0;1.0;1.0
0.0;P02521339;1.0;1.0;1.0
0.0;P05094326;0.0;0.0;1.0
1.0;P02741847;0.0;0.0;1.0
0.0;P05237733;0.0;0.0;1.0
0.0;P02579468;1.0;1.0;1.0
0.0;P05097368;0.0;0.0;1.0
0.0;P04155937;1.0;1.0;1.0
0.0;LY0272792;1.0;1.0;1.0
0.0;P05322182;0.0;0.0;1.0
0.0;LY0285582;1.0;1.0;1.0
0.0;P04153709;1.0;1.0;1.0
0.0;P05321356;0.0;0.0;1.0
0.0;P03341269;0.0;1.0;1.0
0.0;P03135312;1.0;1.0;1.0
0.0;P01064680;0.0;0.0;1.0
0.0;P04903238;0.0;0.0;1.0
0.0;CHE 41625,00;0.0;1.0;1.0
0.0;ANG 419,00;1.0;1.0;1.0
0.0;P03616911;0.0;0.0;1.0
0.0;P04167485;1.0;1.0;1.0
0.0;P02933435;0.0;0.0;1.0
0.0;P02761460;0.0;0.0;1.0
0.0;P03010541;1.0;1.0;1.0
0.0;P04148538;1.0;1.0;1.0
0.0;CLF 362247,0000;1.0;1.0;1.0
0.0;P00330802;0.0;0.0;2.0
1.0;P03879395;0.0;0.0;1.0
0.0;P04183671;0.0;1.0;1.0
0.0;LY0288248;1.0;1.0;1.0
0.0;P06793465;1.0;1.0;1.0
0.0;P03076991;0.0;0.0;1.0
0.0;NOU030641;0.0;0.0;1.0
0.0;P04153752;1.0;1.0;1.0
0.0;P04681760;0.0;0.0;1.0
0.0;NOU033713;0.0;0.0;2.0
0.0;P00402737;0.0;0.0;2.0
0.0;MPU1151029;1.0;1.0;1.0
0.0;LY0272120;1.0;1.0;1.0
0.0;P05321530;0.0;0.0;1.0
0.0;P03210076;1.0;1.0;1.0
0.0;ANG 15672,00;1.0;1.0;1.0
0.0;ANG 6643,00;1.0;1.0;1.0
0.0;P02938777;0.0;0.0;1.0
0.0;P03337836;1.0;1.0;1.0
0.0;P03373500;1.0;1.0;1.0
0.0;NCY015641;1.0;1.0;1.0
0.0;P03337324;1.0;1.0;1.0
1.0;P02933783;0.0;0.0;1.0
0.0;P05094169;0.0;0.0;1.0
0.0;P04167115;1.0;1.0;1.0
0.0;LY0289051;1.0;1.0;1.0
0.0;P05121948;0.0;2.0;1.0
0.0;P05209236;0.0;0.0;1.0
0.0;P03327625;1.0;1.0;1.0
0.0;P05229911;0.0;0.0;1.0
0.0;ANG 6057,00;1.0;1.0;1.0
0.0;LY0272206;1.0;1.0;1.0
0.0;CLF 339311,0000;0.0;1.0;1.0
0.0;MPU212052;0.0;0.0;1.0
0.0;P00903635;1.0;1.0;1.0
0.0;P00087847;0.0;0.0;1.0
0.0;LY0288018;1.0;1.0;1.0
0.0;P05209651;0.0;0.0;1.0
1.0;P03538806;0.0;0.0;1.0
0.0;P04144365;1.0;1.0;1.0
0.0;P01902353;0.0;0.0;1.0
0.0;LIMO15654;1.0;1.0;1.0
1.0;P04039338;0.0;0.0;1.0
0.0;P04152513;1.0;1.0;1.0
0.0;P05094981;0.0;0.0;1.0
1.0;P02948326;0.0;0.0;1.0
0.0;P03141695;1.0;1.0;1.0
0.0;NCY0068945;1.0;1.0;1.0
0.0;P05094211;0.0;0.0;2.0
0.0;ANG 15451,00;1.0;1.0;1.0
0.0;P02933110;0.0;0.0;1.0
0.0;P03022921;1.0;1.0;2.0
1.0;P03373649;0.0;1.0;1.0
0.0;P04193773;1.0;1.0;1.0
0.0;P04168625;1.0;1.0;1.0
0.0;P04152978;1.0;1.0;1.0
0.0;NCY0072105;1.0;1.0;1.0
0.0;MPU515798;1.0;1.0;1.0
0.0;P00426027;0.0;0.0;2.0
0.0;LY0286381;1.0;1.0;1.0
0.0;P00260267;0.0;0.0;2.0
0.0;P02497561;1.0;1.0;1.0
0.0;P05228855;0.0;0.0;1.0
0.0;P02938223;0.0;0.0;1.0
0.0;P04144369;1.0;1.0;1.0
0.0;P04681480;0.0;0.0;1.0
0.0;P03023398;1.0;1.0;1.0
0.0;P04352887;1.0;1.0;1.0
1.0;P02938672;0.0;0.0;1.0
0.0;P06832933;1.0;1.0;1.0
0.0;ANG 7663,00;1.0;1.0;1.0
0.0;P06832752;1.0;1.0;1.0
0.0;SLA025817;1.0;1.0;1.0
0.0;P03015873;1.0;1.0;1.0
1.0;P04776238;0.0;0.0;1.0
0.0;P03264330;1.0;1.0;1.0
1.0;P03539036;0.0;0.0;1.0
0.0;P02742790;0.0;0.0;1.0
0.0;P05094546;0.0;0.0;1.0
0.0;P00392054;0.0;0.0;1.0
0.0;P02937829;0.0;0.0;1.0
0.0;NCY0069128;1.0;1.0;1.0
0.0;P04153310;1.0;1.0;1.0
0.0;P04170207;1.0;1.0;1.0
0.0;P04340165;1.0;1.0;1.0
0.0;P01062429;1.0;1.0;1.0
0.0;LY0286713;1.0;1.0;1.0
1.0;CLF 29803,0000;0.0;0.0;1.0
0.0;P02520593;1.0;1.0;1.0
0.0;P04155545;1.0;1.0;1.0
0.0;P05237452;0.0;0.0;1.0
0.0;LY0287782;1.0;1.0;1.0
0.0;P00679475;0.0;0.0;1.0
0.0;P05321526;0.0;0.0;1.0
0.0;P05208749;0.0;0.0;1.0
0.0;P03031500;0.0;0.0;1.0
0.0;P05239125;0.0;0.0;1.0
0.0;LY0272302;1.0;1.0;1.0
0.0;P02933093;0.0;0.0;1.0
0.0;P05229374;0.0;0.0;1.0
0.0;CHE 46438,00;1.0;1.0;1.0
0.0;P00592863;0.0;0.0;1.0
0.0;P04182297;1.0;1.0;1.0
0.0;P04147161;1.0;1.0;1.0
0.0;P04153985;1.0;1.0;1.0
0.0;P04682233;0.0;0.0;2.0
0.0;P02493875;1.0;1.0;1.0
0.0;P03361546;1.0;1.0;1.0
0.0;NCY0071494;1.0;1.0;1.0
0.0;MPU1272982;0.0;0.0;1.0
0.0;P04172718;1.0;1.0;1.0
0.0;P03010360;1.0;1.0;1.0
0.0;CLF 330162,0000;1.0;1.0;1.0
0.0;P05257677;0.0;0.0;1.0
0.0;P05209378;0.0;0.0;1.0
0.0;P05130973;0.0;0.0;1.0
0.0;P03010205;1.0;1.0;1.0
0.0;P04182118;1.0;1.0;1.0
0.0;P00187052;0.0;0.0;1.0
0.0;P03145894;1.0;1.0;1.0
1.0;P03879130;0.0;0.0;1.0
0.0;P01817172;1.0;1.0;1.0
0.0;P05208435;0.0;0.0;1.0
0.0;ALF046447;1.0;1.0;1.0
0.0;P02938174;0.0;0.0;1.0
1.0;MPU1199507;0.0;0.0;1.0
0.0;P03010275;0.0;1.0;1.0
1.0;P02934154;0.0;0.0;1.0
0.0;AUR03929;1.0;1.0;1.0
1.0;P00181815;0.0;0.0;1.0
0.0;P04151598;1.0;1.0;1.0
0.0;P04202851;1.0;1.0;1.0
0.0;P03361623;1.0;1.0;1.0
0.0;P03010294;1.0;1.0;1.0
0.0;P04344458;1.0;1.0;1.0
0.0;P03022734;1.0;1.0;1.0
0.0;P03373488;1.0;1.0;1.0
0.0;P05097421;0.0;0.0;1.0
0.0;MPU1150654;1.0;1.0;1.0
0.0;P03362160;1.0;1.0;1.0
0.0;MPU1384631;1.0;1.0;1.0
0.0;LY0237690;0.0;0.0;1.0
0.0;P05157057;0.0;0.0;1.0
1.0;P04071512;0.0;6.0;6.0
0.0;P02933095;0.0;0.0;1.0
0.0;P03211126;1.0;1.0;1.0
0.0;P05321870;0.0;0.0;1.0
0.0;P04148708;1.0;1.0;1.0
0.0;P02761651;0.0;0.0;2.0
0.0;P00870548;1.0;1.0;1.0
0.0;P02937543;0.0;0.0;1.0
0.0;ALF044608;1.0;1.0;1.0
0.0;P03362058;1.0;1.0;1.0
0.0;P02939217;0.0;0.0;1.0
0.0;LY0237732;0.0;0.0;1.0
0.0;P00780934;0.0;0.0;1.0
0.0;P04151439;1.0;1.0;1.0
1.0;P03849318;0.0;0.0;1.0
0.0;NCY014258;1.0;1.0;1.0
1.0;P04039202;0.0;0.0;1.0
0.0;MPU241008;1.0;1.0;1.0
0.0;P05121898;0.0;0.0;1.0
1.0;P03524465;0.0;0.0;1.0
0.0;P02938204;0.0;0.0;1.0
0.0;P05229750;0.0;0.0;1.0
0.0;P02973308;1.0;1.0;1.0
0.0;P03265578;1.0;1.0;1.0
0.0;ANG 81019,00;1.0;1.0;1.0
0.0;ANG 6495,00;1.0;1.0;1.0
0.0;P02763606;0.0;0.0;1.0
0.0;P06793695;1.0;1.0;1.0
0.0;P04181790;1.0;1.0;1.0
0.0;P04181836;1.0;1.0;1.0
0.0;P05229515;0.0;0.0;2.0
0.0;CLF 156418,0000;1.0;1.0;1.0
0.0;CLF 330174,0000;1.0;1.0;1.0
0.0;P02938234;0.0;0.0;1.0
0.0;P05229630;0.0;0.0;1.0
1.0;P00198367;0.0;2.0;1.0
0.0;P04776677;0.0;0.0;1.0
0.0;P03135809;1.0;1.0;1.0
0.0;P0009555;0.0;0.0;1.0
0.0;NOU054956;0.0;0.0;1.0
0.0;P02497477;1.0;1.0;1.0
0.0;P02938609;0.0;0.0;1.0
0.0;P04340360;1.0;1.0;1.0
0.0;P00500674;0.0;0.0;1.0
0.0;NCY015702;0.0;1.0;1.0
0.0;P03728038;0.0;1.0;1.0
0.0;P03009849;1.0;1.0;1.0
0.0;P03211400;1.0;1.0;1.0
0.0;P03008531;1.0;1.0;1.0
0.0;P03373402;1.0;1.0;1.0
0.0;P04658761;0.0;0.0;1.0
0.0;LY0273272;1.0;1.0;1.0
0.0;ANG 5488,00;1.0;1.0;1.0
0.0;P03361975;1.0;1.0;1.0
0.0;P03550712;0.0;0.0;1.0
1.0;P02932739;0.0;0.0;1.0
0.0;P03031674;0.0;0.0;1.0
0.0;P05237412;0.0;0.0;1.0
0.0;P02761567;0.0;0.0;1.0
0.0;P05257411;0.0;0.0;1.0
0.0;P02780647;0.0;0.0;1.0
0.0;NCY0071502;1.0;1.0;1.0
0.0;P03865489;0.0;0.0;1.0
0.0;P02938451;0.0;0.0;1.0
0.0;P03559491;1.0;1.0;1.0
0.0;P03337886;1.0;1.0;1.0
0.0;P01817108;1.0;1.0;1.0
0.0;LY0287292;1.0;1.0;1.0
0.0;P04353292;1.0;1.0;1.0
6.0;P04472916;0.0;0.0;2.0
1.0;P05257493;0.0;0.0;1.0
0.0;ANG 81284,00;1.0;1.0;1.0
0.0;P03028654;0.0;0.0;1.0
0.0;P05094959;0.0;0.0;1.0
0.0;ANG 15193,00;1.0;1.0;1.0
0.0;P00118034;0.0;0.0;1.0
0.0;LY0233882;0.0;0.0;2.0
0.0;CLF 216504,0000;1.0;1.0;1.0
0.0;P05209090;0.0;0.0;1.0
1.0;P03560147;0.0;0.0;1.0
6.0;P04681805;0.0;0.0;2.0
0.0;P03341048;1.0;1.0;1.0
0.0;P05322336;0.0;0.0;2.0
0.0;P04776965;0.0;0.0;1.0
1.0;NCY007873;0.0;0.0;1.0
0.0;NOU072840;0.0;0.0;2.0
0.0;MPU204339;0.0;0.0;1.0
0.0;P03132957;1.0;1.0;1.0
0.0;P00746140;1.0;1.0;1.0
0.0;P04776946;0.0;0.0;1.0
0.0;CLF 339176,0000;1.0;1.0;1.0
0.0;P03010319;1.0;1.0;1.0
0.0;P02742336;0.0;0.0;2.0
0.0;P04151617;1.0;1.0;1.0
0.0;LY0234285;0.0;0.0;1.0
0.0;LY0285354;1.0;1.0;1.0
0.0;NCY0070104;1.0;1.0;1.0
0.0;MPU384707;0.0;0.0;1.0
0.0;P04146631;1.0;1.0;1.0
1.0;P03849234;0.0;0.0;1.0
0.0;ANG 6929,00;1.0;1.0;1.0
0.0;P02089997;0.0;0.0;1.0
0.0;CLF 169724,0000;1.0;1.0;1.0
1.0;P00312764;0.0;2.0;1.0
0.0;ANG 6135,00;1.0;1.0;1.0
0.0;CLF 169475,0000;1.0;1.0;1.0
0.0;P01902305;0.0;0.0;1.0
1.0;P00735914;0.0;2.0;1.0
0.0;P05239060;0.0;0.0;1.0
0.0;P05097466;0.0;0.0;1.0
0.0;P02542721;1.0;1.0;1.0
0.0;P04345005;1.0;1.0;1.0
0.0;VIL021484;1.0;1.0;1.0
0.0;P05229048;0.0;0.0;1.0
0.0;P02939212;0.0;0.0;1.0
0.0;LY0274445;1.0;1.0;1.0
0.0;P05258413;0.0;0.0;1.0
0.0;LY0234413;0.0;0.0;1.0
0.0;MPU1291132;0.0;0.0;2.0
0.0;P05121612;0.0;0.0;1.0
0.0;P03145937;1.0;1.0;1.0
0.0;P03376517;1.0;1.0;1.0
0.0;P0009557;0.0;0.0;1.0
0.0;P04193787;1.0;1.0;1.0
0.0;LY0288818;1.0;1.0;1.0
0.0;P03538983;0.0;0.0;1.0
0.0;P04884666;0.0;0.0;1.0
0.0;P03015974;1.0;1.0;1.0
0.0;P02932403;0.0;0.0;1.0
0.0;P03363306;1.0;1.0;1.0
0.0;P00889354;1.0;1.0;1.0
0.0;P00635462;0.0;0.0;1.0
0.0;P03264463;1.0;1.0;1.0
0.0;P05121843;0.0;0.0;1.0
0.0;P03548690;0.0;0.0;1.0
0.0;NCY0069473;1.0;1.0;1.0
0.0;MPU384719;0.0;0.0;1.0
0.0;P01157293;0.0;0.0;1.0
0.0;P02947096;0.0;0.0;1.0
0.0;P02932547;0.0;0.0;1.0
0.0;P05229961;0.0;0.0;1.0
0.0;P05318742;0.0;0.0;1.0
0.0;P01656605;0.0;0.0;1.0
0.0;P05322334;0.0;0.0;1.0
1.0;P03537005;0.0;6.0;6.0
0.0;CHE 44152,00;1.0;1.0;1.0
0.0;CLF 339436,0000;1.0;1.0;1.0
0.0;MPU1218623;0.0;1.0;1.0
0.0;P03562076;0.0;0.0;1.0
0.0;P04064221;1.0;1.0;1.0
0.0;ANG 81760,00;1.0;1.0;1.0
1.0;P03211419;0.0;1.0;1.0
0.0;P05321379;0.0;0.0;1.0
0.0;P01030756;1.0;1.0;1.0
0.0;P04080664;0.0;0.0;1.0
0.0;ANG 6795,00;1.0;1.0;1.0
0.0;CHE 41315,00;1.0;1.0;1.0
0.0;P02761577;0.0;0.0;1.0
0.0;P05094011;0.0;0.0;1.0
0.0;P04201629;1.0;1.0;1.0
0.0;P06792099;1.0;1.0;1.0
0.0;P02741638;0.0;0.0;2.0
0.0;MPU108613;1.0;1.0;1.0
0.0;NCY0071843;1.0;1.0;1.0
0.0;P03076924;0.0;0.0;1.0
0.0;MPU183286;0.0;0.0;1.0
0.0;P04884612;0.0;0.0;2.0
0.0;MPU459508;1.0;1.0;1.0
0.0;CLF 216509,0000;1.0;1.0;1.0
0.0;NOU021294;0.0;2.0;1.0
0.0;P05238258;0.0;0.0;1.0
0.0;P05209707;0.0;0.0;1.0
0.0;P04680833;0.0;0.0;1.0
0.0;P04575159;1.0;1.0;1.0
0.0;P04181385;1.0;1.0;1.0
0.0;P02975619;1.0;1.0;1.0
0.0;P02651859;1.0;1.0;1.0
0.0;P05121942;0.0;0.0;1.0
0.0;NOU054904;0.0;0.0;1.0
0.0;CLF 330359,0000;1.0;1.0;1.0
0.0;P04682226;0.0;0.0;1.0
0.0;NOU073549;0.0;0.0;1.0
0.0;CHE 40849,00;1.0;1.0;1.0
0.0;LY0288451;1.0;1.0;1.0
0.0;SLA022160;1.0;1.0;1.0
0.0;MPU1142036;1.0;1.0;1.0
1.0;P04039958;0.0;0.0;1.0
0.0;P00260209;0.0;0.0;2.0
0.0;P02947131;0.0;0.0;1.0
0.0;ANG 2056,00;1.0;1.0;1.0
0.0;MPU1220373;1.0;1.0;1.0
0.0;P04181540;1.0;1.0;1.0
0.0;P06794280;1.0;1.0;1.0
0.0;P03031090;0.0;0.0;1.0
0.0;LY0272292;1.0;1.0;1.0
1.0;P03537291;0.0;0.0;1.0
0.0;P03133810;1.0;1.0;1.0
0.0;P02741949;0.0;0.0;2.0
0.0;P00500670;0.0;0.0;2.0
0.0;P05208443;0.0;0.0;1.0
0.0;ANG 8065,00;1.0;1.0;1.0
0.0;LY0287975;1.0;1.0;1.0
0.0;P00402663;0.0;0.0;2.0
0.0;P04145609;1.0;1.0;1.0
0.0;BESA011625;1.0;1.0;1.0
0.0;P03265179;1.0;1.0;1.0
0.0;P05237322;0.0;0.0;2.0
0.0;P05237711;0.0;0.0;1.0
0.0;P05321511;0.0;0.0;1.0
0.0;LY0286476;1.0;1.0;1.0
1.0;P03536133;0.0;0.0;1.0
0.0;P05257532;0.0;0.0;1.0
0.0;P01064689;0.0;0.0;1.0
0.0;P03341378;1.0;1.0;1.0
0.0;ANG 7097,00;1.0;1.0;1.0
0.0;P00856328;1.0;1.0;1.0
0.0;P04152551;1.0;1.0;1.0
0.0;P02975337;1.0;1.0;1.0
0.0;MPU1150613;1.0;1.0;1.0
0.0;P05121909;0.0;0.0;1.0
0.0;LY0214626;1.0;1.0;1.0
0.0;P02761574;0.0;0.0;1.0
0.0;LY0210105;1.0;1.0;1.0
0.0;P04658684;0.0;0.0;1.0
0.0;P03338083;1.0;1.0;1.0
0.0;P04152557;1.0;1.0;1.0
0.0;MJSD023251;1.0;1.0;1.0
0.0;P05238235;0.0;0.0;1.0
0.0;P03022988;1.0;1.0;1.0
0.0;P02579124;1.0;1.0;1.0
0.0;MPU1203281;0.0;0.0;1.0
0.0;P05238196;0.0;0.0;2.0
0.0;P02695066;0.0;1.0;1.0
0.0;P05208734;0.0;0.0;1.0
0.0;VTA003099;1.0;1.0;1.0
0.0;CBPF07492;0.0;0.0;1.0
0.0;P04147106;1.0;1.0;1.0
0.0;LY0289179;1.0;1.0;1.0
0.0;P05260310;0.0;0.0;1.0
0.0;P04154809;1.0;1.0;1.0
0.0;LY0270416;1.0;1.0;1.0
0.0;P03210999;1.0;1.0;1.0
0.0;P04182072;1.0;1.0;1.0
0.0;P04182063;1.0;1.0;1.0
0.0;P04366685;1.0;1.0;1.0
0.0;P05229809;0.0;0.0;1.0
0.0;P03023725;1.0;1.0;1.0
0.0;P02493448;1.0;1.0;1.0
0.0;P00181311;0.0;2.0;1.0
1.0;P06138469;0.0;0.0;1.0
1.0;P03537164;0.0;0.0;1.0
0.0;P03211105;1.0;1.0;1.0
0.0;MPU321242;1.0;1.0;1.0
0.0;NCY0068889;1.0;1.0;1.0
0.0;P05156373;0.0;0.0;1.0
0.0;P01072609;0.0;0.0;1.0
0.0;MPU326375;1.0;1.0;1.0
0.0;P02934270;0.0;0.0;1.0
0.0;MPU1217573;1.0;1.0;1.0
0.0;P05094998;0.0;0.0;2.0
0.0;ANG 5088,00;1.0;1.0;1.0
1.0;P03536770;0.0;0.0;1.0
0.0;P02089867;0.0;0.0;1.0
0.0;P03023030;1.0;1.0;1.0
0.0;P02573554;1.0;1.0;1.0
0.0;P05260670;0.0;0.0;1.0
0.0;P02939061;0.0;0.0;1.0
0.0;ANG 81056,00;1.0;1.0;1.0
0.0;P03341205;1.0;1.0;1.0
0.0;P05238948;0.0;0.0;1.0
0.0;P02761543;0.0;0.0;1.0
0.0;P03055754;0.0;0.0;1.0
0.0;P05257705;0.0;0.0;1.0
0.0;P04154208;1.0;1.0;1.0
1.0;P02938734;0.0;0.0;1.0
0.0;P03010601;1.0;1.0;1.0
0.0;P04146474;1.0;1.0;1.0
0.0;CHE 41170,00;1.0;1.0;1.0
0.0;P04039920;0.0;0.0;1.0
0.0;P04340623;1.0;1.0;1.0
0.0;P05260343;0.0;0.0;1.0
0.0;P04181575;1.0;1.0;1.0
0.0;P04182200;1.0;1.0;1.0
0.0;P03028541;0.0;0.0;1.0
0.0;CLF 181327,0000;1.0;1.0;1.0
0.0;MPU321282;1.0;1.0;1.0
0.0;LY0289440;1.0;1.0;1.0
0.0;CLF 168554,0000;1.0;1.0;1.0
0.0;ANG 430,00;1.0;1.0;1.0
0.0;P04154116;1.0;1.0;1.0
0.0;P04067139;0.0;0.0;1.0
0.0;P04181631;1.0;1.0;1.0
0.0;CHE 41278,00;1.0;1.0;1.0
0.0;P06786727;1.0;1.0;1.0
0.0;P03133772;1.0;1.0;1.0
0.0;P04145316;1.0;1.0;1.0
0.0;LY0287828;1.0;1.0;1.0
0.0;P05321004;0.0;0.0;1.0
0.0;P03373273;0.0;1.0;1.0
0.0;NOU033689;0.0;0.0;1.0
1.0;P03560018;0.0;0.0;1.0
0.0;VTA003016;1.0;1.0;1.0
0.0;NCY0071903;1.0;1.0;1.0
1.0;P02933675;0.0;0.0;1.0
0.0;P02947055;0.0;0.0;1.0
0.0;P06793860;1.0;1.0;1.0
0.0;ANG 6129,00;1.0;1.0;1.0
0.0;LY0233189;0.0;0.0;1.0
0.0;P06832044;1.0;1.0;1.0
0.0;CHE 35766,00;1.0;1.0;1.0
0.0;P04146349;1.0;1.0;1.0
0.0;P04681614;0.0;0.0;1.0
0.0;P04153055;1.0;1.0;1.0
0.0;CLF 156773,0000;1.0;1.0;1.0
0.0;P04884627;0.0;0.0;1.0
0.0;P03211314;1.0;1.0;1.0
0.0;P02932556;0.0;0.0;1.0
0.0;P05291025;0.0;2.0;1.0
0.0;P05238434;0.0;0.0;1.0
0.0;P04064056;1.0;1.0;1.0
0.0;P04152724;1.0;1.0;1.0
0.0;P00392034;0.0;0.0;1.0
0.0;P04182818;1.0;1.0;1.0
0.0;LY0275376;1.0;1.0;1.0
0.0;P00589402;0.0;0.0;1.0
0.0;MPU219378;1.0;1.0;1.0
0.0;P00402695;0.0;0.0;1.0
0.0;VIL020983;1.0;1.0;1.0
0.0;CLF 167292,0000;1.0;1.0;1.0
0.0;P04080139;0.0;0.0;1.0
0.0;P03023634;1.0;1.0;1.0
0.0;P06793374;1.0;1.0;1.0
0.0;P04148115;1.0;1.0;1.0
0.0;P04146189;1.0;1.0;1.0
0.0;LY0271211;1.0;1.0;1.0
0.0;P02780655;0.0;0.0;2.0
0.0;LY0274871;1.0;1.0;1.0
0.0;P05321880;0.0;0.0;1.0
0.0;P03264459;1.0;1.0;1.0
0.0;ANG 81327,00;1.0;1.0;1.0
0.0;P05156612;0.0;0.0;1.0
0.0;P03547672;0.0;0.0;0.0
0.0;P00217975;0.0;0.0;1.0
0.0;P05239483;0.0;0.0;1.0
0.0;NCY0070125;1.0;1.0;1.0
0.0;P03340884;1.0;1.0;1.0
0.0;P04159970;1.0;1.0;1.0
1.0;P04080090;0.0;2.0;1.0
0.0;MPU208319;1.0;1.0;1.0
0.0;P03559500;1.0;1.0;1.0
0.0;P03145724;1.0;1.0;1.0
0.0;P02948246;0.0;0.0;1.0
0.0;P05322379;0.0;0.0;2.0
0.0;P02493635;1.0;1.0;1.0
0.0;P03559517;1.0;1.0;1.0
0.0;MPU1217900;1.0;1.0;1.0
1.0;P02935794;0.0;0.0;1.0
0.0;P05156801;0.0;0.0;2.0
0.0;ANG 16296,00;1.0;1.0;1.0
0.0;P05229796;0.0;0.0;1.0
0.0;P04776260;0.0;0.0;1.0
0.0;P03008581;1.0;1.0;1.0
0.0;P03008544;1.0;1.0;1.0
0.0;P05234676;0.0;0.0;1.0
0.0;ANG 8090,00;1.0;1.0;1.0
0.0;P03536074;0.0;2.0;1.0
0.0;SLA036787;1.0;1.0;1.0
0.0;P02542756;1.0;1.0;1.0
0.0;P03210407;1.0;1.0;1.0
0.0;P04066997;0.0;0.0;1.0
1.0;P02933124;0.0;0.0;1.0
0.0;LY0287864;1.0;1.0;1.0
0.0;TLON14708;1.0;1.0;1.0
0.0;P05238330;0.0;0.0;2.0
0.0;LY0270384;1.0;1.0;1.0
0.0;TLON15471;1.0;1.0;1.0
0.0;P03375234;1.0;1.0;1.0
0.0;P04071185;0.0;0.0;1.0
0.0;P03264309;1.0;1.0;1.0
0.0;ANG 5751,00;1.0;1.0;1.0
0.0;MPU384740;0.0;0.0;1.0
0.0;MPU241006;1.0;1.0;1.0
0.0;P02947191;0.0;0.0;1.0
0.0;P02933688;0.0;0.0;1.0
0.0;P03264680;1.0;1.0;1.0
0.0;MPU321326;1.0;1.0;1.0
0.0;MPU227735;1.0;1.0;1.0
0.0;P04682125;0.0;0.0;1.0
0.0;P02497494;1.0;1.0;1.0
0.0;P04325845;1.0;1.0;1.0
0.0;CLF 167235,0000;1.0;1.0;1.0
0.0;CLF 169869,0000;1.0;1.0;1.0
0.0;P03363667;1.0;1.0;1.0
0.0;MPU281581;1.0;1.0;1.0
0.0;P05321749;0.0;0.0;1.0
0.0;P05121905;0.0;0.0;1.0
0.0;LY0288196;1.0;1.0;1.0
1.0;P0008991;0.0;0.0;1.0
0.0;LY0275389;1.0;1.0;1.0
1.0;P03850186;0.0;0.0;2.0
0.0;P06793880;1.0;1.0;1.0
0.0;CHE 46174,00;1.0;1.0;1.0
0.0;P04194124;1.0;1.0;1.0
0.0;P03211026;1.0;1.0;1.0
0.0;CHE 46955,00;1.0;1.0;1.0
0.0;P05258178;0.0;0.0;1.0
0.0;P05208602;0.0;0.0;2.0
0.0;P04170342;1.0;1.0;1.0
0.0;P03337899;1.0;1.0;1.0
0.0;P05234695;0.0;0.0;1.0
0.0;P00955097;0.0;0.0;1.0
0.0;P06794248;1.0;1.0;1.0
0.0;P05257685;0.0;0.0;1.0
0.0;P04658693;0.0;0.0;1.0